StudentID,Age,Gender,Ethnicity,ParentalEducation,StudyTimeWeekly,Absences,Tutoring,ParentalSupport,Extracurricular,Sports,Music,Volunteering,GPA,GradeClass
1001,17,1,0,2,19.833722807854713,7,1,2,0,0,1,0,2.929195591667681,2.0
1002,18,0,0,1,15.40875605584674,0,0,1,0,0,0,0,3.042914833436377,1.0
1003,15,0,2,3,4.21056976881226,26,0,2,0,0,0,0,0.1126022544661815,4.0
1004,17,1,0,3,10.028829473958215,14,0,3,1,0,0,0,2.0542181397029484,3.0
1005,17,1,0,2,4.6724952729713305,17,1,3,0,0,0,0,1.2880611817953875,4.0
1006,18,0,0,1,8.191218545250186,0,0,1,1,0,0,0,3.0841836144863937,1.0
1007,15,0,1,1,15.601680474699295,10,0,3,0,1,0,0,2.748237414891583,2.0
1008,15,1,1,4,15.424496305808074,22,1,1,1,0,0,0,1.360142712316461,4.0
1009,17,0,0,0,4.562007558047703,1,0,2,0,1,0,1,2.896819189513569,2.0
1010,16,1,0,1,18.444466363097202,0,0,3,1,0,0,0,3.5734742103297656,0.0
1011,17,0,0,1,11.851363655296536,11,0,1,0,0,0,0,2.1471716250185144,3.0
1012,17,0,0,1,7.59848581924029,15,0,2,0,0,0,1,1.5595945190402773,4.0
1013,17,0,1,1,10.038711615617213,21,0,3,1,0,0,0,1.520077814874808,4.0
1014,17,0,1,2,12.101425068754875,21,0,4,0,1,0,0,1.7515809583340785,4.0
1015,18,1,0,1,11.197810636915708,9,1,2,0,0,0,0,2.396788117124796,3.0
1016,15,0,0,2,9.728100710723563,17,1,0,0,1,0,0,1.3415207165346672,4.0
1017,18,0,3,1,10.098656081788002,14,0,2,1,1,0,0,2.2321752777159762,3.0
1018,18,1,0,0,3.5282382085577235,16,1,2,0,0,0,0,1.3844041756940335,4.0
1019,18,0,1,3,16.25465808609359,29,0,2,1,0,0,1,0.4695533233798704,4.0
1020,17,0,0,1,10.835206398820308,9,0,2,0,0,1,0,2.3957840945306996,3.0
1021,16,1,0,3,2.621597234094062,2,0,3,0,0,0,1,2.778411299920653,2.0
1022,15,0,0,2,15.323142031655559,25,0,1,1,0,0,0,0.34689403670501484,4.0
1023,16,1,1,0,18.648879567547016,29,1,1,0,0,0,0,0.3125462305253549,4.0
1024,18,1,3,4,18.94613798473924,20,0,2,1,0,0,0,1.7701318767799732,4.0
1025,18,1,0,1,7.380354648223455,15,0,2,0,0,0,0,1.5051556220362858,4.0
1026,16,1,0,3,2.7103374712150807,5,0,4,0,0,1,0,2.977851918315743,2.0
1027,16,0,0,1,10.367992532661303,2,0,2,0,1,0,0,2.948717671911921,2.0
1028,16,1,0,3,2.2521845869844137,8,0,3,0,0,1,0,2.1452047204671914,3.0
1029,18,0,0,0,18.679748370252344,10,0,3,1,0,0,0,2.854803928981318,2.0
1030,18,0,0,2,3.67159254710292,20,0,3,1,0,0,0,1.519441725815139,4.0
1031,15,0,2,2,5.055317199023282,12,1,0,0,1,0,0,1.727120309522409,4.0
1032,15,0,0,3,8.132730537699409,17,0,4,0,0,0,1,1.8475354711387906,4.0
1033,18,0,0,3,7.663289371182516,25,0,1,0,1,0,0,0.38461697285648777,4.0
1034,16,0,3,3,15.89325784795778,21,0,0,1,1,0,0,0.94940609779728,4.0
1035,16,0,0,3,9.126336411019247,27,1,2,1,1,0,0,1.1409594184203395,4.0
1036,15,0,3,1,3.415365200066738,23,0,1,0,0,0,0,0.2614722600507521,4.0
1037,18,0,0,1,5.344197909721482,26,1,1,0,0,0,0,0.21828485682103177,4.0
1038,15,0,2,1,10.18226770375044,21,1,1,0,1,0,0,1.0677635510419796,4.0
1039,15,1,1,1,2.949078348522698,3,1,1,1,1,0,0,3.0189058584279675,1.0
1040,17,1,2,1,12.233113512920282,21,1,3,1,1,0,0,1.5268678317927231,4.0
1041,17,1,3,2,11.314946131022918,23,1,1,0,0,0,0,1.0582873996898603,4.0
1042,17,0,0,1,14.294046327645153,7,0,2,0,0,0,0,2.625128097732231,2.0
1043,16,1,3,2,18.754092307587353,12,1,4,0,0,0,0,2.8087548220286536,2.0
1044,18,1,0,1,18.245091222023113,9,0,2,0,1,0,0,2.8888916692724433,2.0
1045,18,1,0,1,18.921512361376628,1,1,3,1,1,0,0,4.0,0.0
1046,18,0,0,2,4.894311940474019,7,0,4,0,0,1,0,2.515300272256249,2.0
1047,18,0,1,2,2.6313061327870924,5,0,1,1,0,0,0,2.5637654300150947,2.0
1048,17,0,0,2,6.04553400992897,15,0,2,0,0,0,0,1.7036118032323682,4.0
1049,16,0,1,2,17.90170345532629,17,0,3,0,0,1,0,2.0998851567205854,3.0
1050,16,1,1,1,19.441069492469765,16,0,4,1,0,0,0,2.4610469629080955,3.0
1051,17,1,2,2,17.18649902140952,5,0,3,0,0,0,0,2.935477191694632,2.0
1052,16,1,2,0,2.200354422550872,12,1,1,1,0,1,0,1.9863780592187463,4.0
1053,17,1,0,1,18.948559961195862,22,0,4,0,0,1,0,1.5715441913992825,4.0
1054,18,0,0,2,8.46716054701572,13,0,1,0,1,0,0,1.6643106896610833,4.0
1055,17,0,0,0,0.18620581524707358,29,1,2,1,1,0,0,0.7562591665741925,4.0
1056,18,0,0,1,8.847874814963872,25,0,2,0,1,0,0,0.8027695392342074,4.0
1057,18,1,0,4,0.9213833935093518,20,0,2,0,1,1,0,1.3423871779577345,4.0
1058,15,0,0,4,10.87755842322235,29,0,3,1,0,0,0,0.2865712882866222,4.0
1059,17,0,0,1,6.771080548741026,9,1,3,0,1,0,0,2.61383869367367,2.0
1060,15,1,3,0,9.468698671880976,23,0,3,0,1,0,0,0.9290125546259369,4.0
1061,17,1,1,1,12.26340721486234,10,0,0,1,0,1,0,1.8927586959265916,4.0
1062,17,0,0,1,17.376021916356407,12,0,2,0,0,1,0,2.331261549308754,3.0
1063,15,0,1,3,13.238031529438572,11,0,3,0,1,0,0,2.234238472600233,3.0
1064,15,0,0,1,8.680977369563614,8,0,2,0,1,0,0,2.3858282190764624,3.0
1065,17,0,0,2,16.388557073407302,3,1,4,0,0,0,0,3.3473567435078095,1.0
1066,16,0,1,1,18.111642751462643,6,1,3,1,0,0,0,3.2618553073332905,1.0
1067,18,0,0,4,2.3951993286439444,23,0,3,0,1,0,0,1.0396238791477144,4.0
1068,15,1,0,1,10.638659551055829,28,0,0,0,1,0,0,0.027818624732467906,4.0
1069,18,1,3,2,5.690239194848883,21,1,3,0,0,1,0,1.3299645378768772,4.0
1070,16,1,2,1,0.941223957538948,1,0,4,0,0,1,0,3.2839165218973836,1.0
1071,16,0,1,2,13.370933902279706,6,0,2,1,0,0,0,2.937454182316864,2.0
1072,16,1,1,1,17.255415549184512,28,0,3,0,0,1,1,0.7388682028052602,4.0
1073,15,0,1,1,3.258053089547881,8,0,2,1,1,0,0,2.556801662833417,2.0
1074,16,0,0,3,16.24827315247801,4,1,2,0,0,0,0,3.300928568970799,1.0
1075,15,1,0,3,17.067914670738833,14,0,3,1,0,1,0,2.200682946560561,3.0
1076,16,0,0,3,18.28680885332967,17,0,3,0,1,0,0,1.8558655731681934,4.0
1077,18,0,0,2,5.305701781721048,3,0,3,0,0,0,0,2.7344014944199917,2.0
1078,18,1,1,3,18.079061303797786,18,1,1,1,1,0,0,2.1317372971872284,3.0
1079,17,1,0,0,6.413255094728645,19,0,1,0,0,0,0,0.9797699107752862,4.0
1080,18,1,3,1,11.046760269110056,25,0,3,0,1,0,0,0.994325023551287,4.0
1081,17,0,3,1,1.0101494166456426,6,0,1,0,1,0,0,2.0746999767813343,3.0
1082,18,1,2,2,0.8776217673748721,25,0,2,0,0,0,0,0.500508035804656,4.0
1083,15,1,1,1,14.407464254644058,7,0,0,1,1,0,0,2.532438417587673,2.0
1084,18,0,2,1,8.88959955955582,16,0,1,0,1,0,0,1.4633780357856976,4.0
1085,17,1,0,2,5.125847507384352,12,0,3,1,1,0,0,2.342836773191855,3.0
1086,17,1,2,3,3.808269920498204,23,0,3,0,0,0,0,1.1588463344506035,4.0
1087,16,1,0,1,13.399069817184362,20,1,1,1,0,1,1,1.5237487447337323,4.0
1088,15,0,2,1,0.008030880506797455,27,0,1,0,0,1,0,0.0,4.0
1089,18,0,0,1,16.117823383937086,22,0,0,1,0,1,0,1.0586220144439875,4.0
1090,16,0,2,1,1.5849921225985764,10,0,2,0,0,1,1,2.2297401841747666,3.0
1091,18,0,3,1,3.829792298162389,26,0,1,0,0,0,1,0.19474328074551517,4.0
1092,18,1,0,2,7.724727905981792,0,0,2,1,1,0,0,3.5069200713692137,0.0
1093,16,0,0,2,9.697174794322072,1,1,3,0,0,0,0,3.552286943350944,0.0
1094,16,0,3,2,7.099902316278836,16,1,3,0,1,0,0,2.23849135429023,3.0
1095,16,1,0,1,6.414243299685878,4,0,1,1,1,0,0,2.7084723438568763,2.0
1096,16,1,2,3,19.278320241463767,29,0,3,0,0,0,1,0.7329082339013866,4.0
1097,16,1,1,1,12.831593624867885,29,0,4,0,0,1,0,0.9654824453045303,4.0
1098,18,0,0,2,0.46865910734776417,5,0,2,0,1,0,0,2.5552328599380942,2.0
1099,16,0,0,3,8.603518168886264,25,0,2,1,0,1,1,0.7443222999212357,4.0
1100,15,0,0,1,17.500173994879404,24,0,2,0,0,0,0,0.7220565813951911,4.0
1101,17,1,2,1,6.029123728213359,23,1,1,1,1,0,1,1.2712295298373406,4.0
1102,16,1,0,3,1.8911268954877647,6,0,3,1,0,1,1,2.52614214142023,2.0
1103,16,0,1,1,15.167695431798355,27,0,3,1,1,0,0,0.9424153953595232,4.0
1104,18,1,0,2,12.120276638721625,20,1,2,0,1,0,0,1.515639098395023,4.0
1105,16,1,1,0,11.406250156530078,29,0,3,1,0,0,0,0.6482739267081915,4.0
1106,16,1,2,2,1.0715311921481585,14,0,3,0,1,1,1,2.0488500821388604,3.0
1107,16,0,3,1,2.8099801959103465,18,0,0,1,0,0,1,0.8422959992571388,4.0
1108,18,1,0,0,12.450987924262275,15,0,1,0,1,0,0,1.4641879236906472,4.0
1109,16,1,2,2,4.156476829176716,24,1,3,1,1,0,0,1.487946865169799,4.0
1110,17,0,2,1,10.081401594968487,12,1,4,0,0,0,0,2.587565796370635,2.0
1111,18,0,1,1,10.89763372058787,4,1,3,0,0,0,0,3.2208069781948727,1.0
1112,17,1,3,0,5.670143805418788,2,1,4,0,0,1,0,3.5451594318003106,0.0
1113,18,1,0,1,18.968503110829857,2,0,2,0,0,0,0,3.0895989530746473,1.0
1114,16,0,0,1,16.8492821367115,18,1,1,0,1,1,0,1.9199564399182076,4.0
1115,17,0,2,0,14.44747015265597,13,1,2,0,0,0,0,2.1985931845869615,3.0
1116,18,1,0,3,1.5598773281881817,15,0,0,0,0,0,1,0.8782126167627767,4.0
1117,15,1,2,0,2.122600386180389,21,0,3,1,0,1,0,1.340368647512407,4.0
1118,16,1,2,2,9.855626917299114,16,0,4,0,0,0,0,1.8195113357139092,4.0
1119,18,1,0,1,3.2142669838197135,26,0,3,0,1,0,0,0.6193509314675341,4.0
1120,15,0,2,1,19.56530927058948,3,0,2,1,0,1,1,3.619460869693516,0.0
1121,18,1,0,3,3.170404680548189,12,1,1,1,1,0,0,2.1749027962098797,3.0
1122,15,1,1,1,9.74935670927948,7,1,1,0,1,1,0,2.9744060149110436,2.0
1123,16,0,1,4,7.282421136830108,18,0,2,0,0,0,0,0.9807358437488027,4.0
1124,17,1,3,1,12.787728429081959,4,0,3,0,0,0,0,3.101673809015105,1.0
1125,15,0,0,2,2.5807281777884983,1,1,2,1,0,1,0,3.4982573417733205,1.0
1126,18,1,0,2,8.606328560847817,14,0,4,1,0,0,0,2.590553445052984,2.0
1127,16,1,1,3,5.494100656142873,1,0,3,1,0,0,0,3.5350037581843186,0.0
1128,15,0,2,2,17.75503049343376,10,1,1,0,1,0,0,2.8199217452931866,2.0
1129,18,0,1,2,0.8117142426939017,12,1,1,1,1,0,0,2.0165967745176614,3.0
1130,18,1,0,1,18.274549880129186,22,1,3,0,0,0,0,1.3711850388917164,4.0
1131,18,1,0,1,16.65988277106001,9,0,1,0,0,0,0,2.1047955879699045,3.0
1132,15,1,0,3,5.951414328816309,2,0,3,0,0,0,0,3.030439088696523,1.0
1133,15,0,2,1,15.785813093542094,4,1,2,0,1,0,0,3.5824218723119596,0.0
1134,15,1,0,1,0.6242712067749512,2,0,1,1,0,0,0,2.4265467060392454,3.0
1135,17,0,0,2,19.33731100586787,5,1,2,1,0,0,0,3.161436270258364,1.0
1136,15,0,3,1,10.531898851795788,12,0,2,1,0,0,0,2.122638529628868,3.0
1137,15,1,0,4,6.065620521308905,9,0,3,0,1,0,0,2.204860580997317,3.0
1138,15,0,3,2,7.2516642518935415,18,0,0,1,0,1,1,1.1829875004980481,4.0
1139,17,1,1,2,1.3281070692099473,7,0,3,1,0,0,0,2.7387957163435996,2.0
1140,15,1,2,3,19.786990280840783,17,1,3,0,0,0,0,2.2379013009826028,3.0
1141,18,1,0,0,0.7858389030138491,2,0,3,1,0,0,0,3.1394815463803876,1.0
1142,15,1,0,1,13.098142462957181,23,1,0,1,1,0,0,1.0460447710800969,4.0
1143,18,1,2,2,8.854718554129166,23,1,3,0,0,0,0,0.8164582452137992,4.0
1144,18,0,2,1,18.978324363774302,16,0,2,1,0,1,0,2.0335446205211802,3.0
1145,18,0,2,2,4.919994806135904,7,1,2,1,1,0,0,2.4320785227822372,3.0
1146,17,1,0,3,10.641736478760226,9,0,3,1,0,0,0,2.6597713195279016,2.0
1147,17,1,2,2,9.64712417165506,1,1,2,1,0,0,1,3.5888879397650117,0.0
1148,17,0,2,1,14.057328881002027,11,0,3,0,1,0,0,2.3145876278110027,3.0
1149,15,0,1,4,1.3602046390484102,22,0,1,1,1,0,1,1.00722582021403,4.0
1150,18,0,2,2,3.875782600467097,5,0,3,1,0,0,0,2.8816123214605245,2.0
1151,17,0,2,2,4.291296401856997,1,0,1,0,1,1,0,2.8045049289116846,2.0
1152,17,1,1,1,14.763015096833794,20,1,3,0,1,0,0,1.7629211240998668,4.0
1153,15,1,0,3,3.7827739265348015,22,0,4,1,0,0,1,1.11991126295732,4.0
1154,17,0,0,2,11.469835277819534,23,0,2,0,0,0,0,1.0306575057198797,4.0
1155,15,1,0,2,4.304876410019074,2,0,2,1,0,0,0,3.0756193536614336,1.0
1156,16,0,0,3,17.232499001679567,16,1,3,1,1,0,0,2.631434065124418,2.0
1157,17,1,0,1,18.84370908979277,28,0,0,0,1,1,1,0.5030669073279145,4.0
1158,16,0,0,2,10.369859498844809,6,0,2,0,0,0,0,2.784237837142815,2.0
1159,15,1,0,3,7.046177684183565,28,0,2,0,0,0,0,0.24762676508656342,4.0
1160,18,0,0,1,4.681155500349982,20,0,3,0,0,0,1,1.1895487696187859,4.0
1161,17,0,2,2,0.9956200304608753,4,1,3,1,0,0,1,3.3759940088028393,1.0
1162,15,1,3,3,5.370001523949908,22,1,3,0,0,0,0,1.293573556445951,4.0
1163,18,0,0,2,13.084715598906358,0,1,3,0,0,1,1,3.7185869042869646,0.0
1164,18,1,3,2,10.672338626184217,7,0,3,1,0,0,0,2.670559614819829,2.0
1165,16,1,1,3,18.880825565618547,11,1,2,1,0,0,0,2.369648013449619,3.0
1166,15,0,0,3,7.925545249834012,13,0,2,0,1,0,0,1.6244868202221543,4.0
1167,18,1,0,1,13.87726684656789,15,1,2,1,1,0,0,2.5374768278143587,2.0
1168,17,1,1,0,9.786454949502428,9,0,4,0,1,0,0,2.298417928509479,3.0
1169,17,1,2,2,10.251524318484233,14,0,3,1,0,0,0,2.2598041504961186,3.0
1170,16,1,2,2,5.35548629208235,20,0,2,0,1,0,0,1.3213433008698847,4.0
1171,18,1,0,2,9.099015536839994,23,0,3,0,1,0,0,0.9499742281238568,4.0
1172,15,0,0,2,9.415699940254145,25,0,2,1,0,0,1,0.818786616073051,4.0
1173,17,1,0,1,14.132850434978678,14,1,3,0,0,0,0,2.3392245127535936,3.0
1174,18,1,0,2,18.81279998372228,9,0,2,0,1,0,0,2.6827762879633723,2.0
1175,18,1,0,1,6.586425549650086,20,1,1,1,0,0,0,1.543837471085622,4.0
1176,16,1,0,2,0.8440093716259689,27,0,3,1,0,0,0,0.19690110482362244,4.0
1177,17,1,2,2,9.925902510012794,6,0,3,0,0,0,0,2.748610257448085,2.0
1178,17,0,3,1,10.889226642983372,25,1,2,1,0,1,0,1.1048937876999443,4.0
1179,15,1,0,1,3.368811022638305,2,0,2,1,0,0,0,2.553439811443938,2.0
1180,17,0,3,2,15.209292125521333,1,0,3,1,0,0,1,3.2742334588098787,1.0
1181,15,0,0,2,19.698582168829834,5,1,3,0,0,0,0,3.1860603780389143,1.0
1182,17,0,0,1,18.915494340169218,20,0,3,1,0,0,0,1.722115750240589,4.0
1183,16,0,0,4,3.9421207764730437,8,0,2,1,1,0,0,2.3380463575903736,3.0
1184,17,1,1,2,17.507264798015214,9,1,4,1,1,0,0,3.273998748434336,1.0
1185,15,0,3,4,14.089872728233694,3,0,3,0,0,0,0,2.993502391205279,2.0
1186,15,0,1,2,9.076931276138232,26,1,3,1,0,0,0,0.8963978990233954,4.0
1187,16,1,0,2,10.812219886494582,2,0,3,0,0,0,0,2.9610552588035977,2.0
1188,17,1,1,3,16.99200349964916,8,0,1,1,0,0,0,2.6743510954520984,2.0
1189,17,1,0,2,9.602698792767463,23,0,0,1,1,0,0,1.2178731513333656,4.0
1190,16,0,2,2,7.464147382102537,21,1,3,0,0,0,0,1.36559111032951,4.0
1191,17,1,1,1,9.864949860519715,16,0,2,0,0,0,1,1.5222748446854282,4.0
1192,17,1,0,2,11.582596080700982,13,1,3,0,0,0,0,2.2314023973705024,3.0
1193,15,0,1,1,3.781553075566977,9,0,2,1,0,0,0,2.135266354890094,3.0
1194,17,1,1,1,18.018154605339813,12,0,2,0,0,0,0,2.255698914963147,3.0
1195,17,1,0,0,13.483738976592276,11,1,1,1,0,1,0,2.751145787611705,2.0
1196,16,1,1,0,12.665378346749778,26,0,3,1,1,0,0,0.8976341586164038,4.0
1197,16,1,0,4,1.9899245236127627,0,0,1,1,0,0,1,3.117354434785501,1.0
1198,18,0,2,1,12.083478763451836,27,0,3,1,0,1,0,1.2875951312580094,4.0
1199,15,1,2,2,2.4192132447698467,21,0,2,0,0,0,0,0.5710530980330257,4.0
1200,17,1,2,3,1.573953503907981,28,0,3,1,0,0,0,0.5813557994949716,4.0
1201,17,0,1,2,10.546217912847865,18,0,1,0,0,1,0,1.6434624040739563,4.0
1202,18,1,1,1,8.055710680929899,18,0,1,0,0,0,0,1.2348440407820207,4.0
1203,17,0,0,2,11.776205403124465,5,0,3,0,1,0,1,2.968093619579765,2.0
1204,15,1,2,2,1.7844433611447719,12,0,2,1,0,0,0,2.009298479722319,3.0
1205,18,0,0,2,8.619661256945168,18,0,1,1,0,0,0,1.146086034129592,4.0
1206,15,0,0,2,3.4957343009031594,12,1,4,0,0,0,0,2.1923631978552875,3.0
1207,18,0,0,4,19.74200171848233,26,1,1,1,0,0,0,0.94573087329995,4.0
1208,18,0,0,2,11.223004248703488,25,0,2,1,0,0,0,0.5672500284902902,4.0
1209,16,1,1,1,13.748737218817347,21,0,1,0,0,0,0,0.9707643470928291,4.0
1210,15,0,0,2,6.508365613652156,20,1,2,1,0,1,1,1.6560601255004677,4.0
1211,17,1,2,0,1.894778295586883,3,0,2,0,0,1,0,2.8393132491560324,2.0
1212,17,0,0,3,19.517417255670733,23,0,1,0,0,1,1,0.189818059909026,4.0
1213,15,0,0,1,5.7251807076636645,1,0,3,1,0,0,0,3.25829468502287,1.0
1214,17,0,1,1,8.476163703471485,14,1,2,0,0,0,0,1.9200558526588953,4.0
1215,17,1,0,3,12.9972784340515,11,0,3,0,0,0,0,2.0217714943693785,3.0
1216,15,0,0,2,0.4939459537222257,29,1,1,1,0,0,0,0.1259330746249498,4.0
1217,18,1,2,1,16.205182610345737,26,1,2,1,0,0,0,1.2870134123902284,4.0
1218,15,1,0,2,10.731563800572406,6,0,0,1,0,1,0,2.5914267032293132,2.0
1219,18,1,2,3,5.564343741376443,19,1,3,0,0,0,0,1.4633796485355999,4.0
1220,17,1,0,1,1.232159705849385,17,0,3,0,0,0,0,1.465549386433812,4.0
1221,17,1,0,3,3.2499683094888288,22,0,3,1,1,0,1,1.710466837709535,4.0
1222,17,1,2,0,17.900677177068737,12,0,2,0,1,0,1,2.288505685252231,3.0
1223,16,1,0,2,13.72048447871782,16,0,3,0,0,1,0,1.9609688486532324,4.0
1224,18,1,0,3,4.998034432737796,3,0,3,0,0,0,0,2.6216233262773407,2.0
1225,16,1,0,1,1.3120152989005907,24,0,0,1,0,0,0,0.7683163859836675,4.0
1226,16,0,0,2,13.812306247732726,13,0,1,0,0,1,0,1.8064063454058108,4.0
1227,15,0,2,1,11.448154519355302,19,0,2,0,0,0,0,0.88186635307777,4.0
1228,16,0,0,2,8.090390489164701,27,0,3,0,1,0,0,0.8170682206563473,4.0
1229,15,0,2,2,7.272228983801277,12,1,0,0,0,0,0,1.4461325277019692,4.0
1230,15,0,2,2,4.336285518582166,2,0,3,0,1,0,0,3.3390943622003117,1.0
1231,16,1,0,1,13.392225130750353,25,0,2,0,0,0,0,0.8196254779474454,4.0
1232,18,1,3,1,19.41336055587741,25,0,2,0,0,0,0,0.6768179731112823,4.0
1233,18,1,0,0,3.514304916736517,17,0,1,0,1,0,1,1.3895448744649723,4.0
1234,18,1,3,1,11.942332400310068,13,0,2,0,1,0,1,1.9915084140251775,4.0
1235,18,1,0,2,8.483701114919524,14,0,0,0,1,0,0,1.6398675504146125,4.0
1236,18,1,1,3,8.933774434893298,2,0,0,0,1,0,0,2.5117430206054214,2.0
1237,16,1,0,2,5.082945602556288,0,0,3,0,0,1,0,2.9839199495864985,2.0
1238,16,0,0,2,16.50269751322838,25,1,2,0,0,1,0,1.25865485443205,4.0
1239,17,0,1,4,9.705112082944822,23,1,2,0,0,0,0,1.4179299273727557,4.0
1240,18,0,2,2,10.868117043965281,16,0,1,1,0,1,0,1.5970165723817666,4.0
1241,16,0,0,3,6.095218255946515,2,1,2,0,1,0,0,3.0886998681859597,1.0
1242,17,1,0,2,3.636169313338995,13,0,0,1,1,0,0,1.6413414427787147,4.0
1243,18,1,2,1,1.7182077640564097,2,0,2,0,1,0,0,2.5868706562634283,2.0
1244,15,1,1,0,14.282382818498318,12,1,2,0,0,0,0,2.389032645212185,3.0
1245,17,0,3,2,3.9246856337571123,14,0,2,1,0,0,0,1.8981464002812252,4.0
1246,16,1,2,1,13.801507083775954,17,0,4,0,1,0,0,2.1104879749817496,3.0
1247,15,1,3,1,7.8075289209390775,13,0,2,0,0,0,0,1.7002735894049135,4.0
1248,15,1,2,2,8.315496019793029,20,0,2,1,0,0,0,1.0444999950877136,4.0
1249,15,0,0,2,9.383549921855433,25,0,2,0,1,0,0,1.1941661337644758,4.0
1250,17,1,0,2,7.354170162550863,2,0,1,0,0,1,0,2.6491368281965504,2.0
1251,16,0,2,1,2.0123995444518017,18,0,3,0,1,0,0,1.2341413889277302,4.0
1252,15,0,1,1,6.192636200056915,7,0,2,1,0,0,0,2.127408865912826,3.0
1253,18,0,0,2,13.274687213878769,3,1,1,1,0,0,0,2.913887649138132,2.0
1254,15,0,0,4,13.31568802937742,3,0,3,0,0,0,1,3.119393913150377,1.0
1255,15,1,3,2,5.724486144799887,18,1,0,0,0,0,0,1.0363787383257312,4.0
1256,17,0,1,3,9.20205253115376,10,0,4,1,0,0,1,2.403284547023526,3.0
1257,17,0,0,2,3.8689445602387496,0,1,3,0,0,0,0,3.1565080639094454,1.0
1258,16,1,0,2,4.2074416305967155,7,1,2,0,1,1,0,2.723471858740064,2.0
1259,18,1,0,1,0.46094176813214816,14,0,1,1,1,0,0,1.5309511463109082,4.0
1260,17,0,0,2,17.934930998154893,0,0,1,0,0,0,0,3.4685813491357274,1.0
1261,15,1,0,2,4.214133301498125,6,0,1,1,0,0,0,2.3020320443414053,3.0
1262,16,0,0,2,4.550677538729266,20,1,1,1,0,0,0,1.2656779091994341,4.0
1263,15,0,2,2,5.592028652902636,19,0,2,1,1,0,1,1.479602227739032,4.0
1264,15,0,0,2,2.54816143390858,19,0,4,0,0,1,1,1.4450767191993792,4.0
1265,17,0,2,1,12.785257663627256,23,0,2,0,0,0,0,0.8094338103684621,4.0
1266,16,1,2,2,1.5028590635517314,10,1,3,0,0,0,0,2.1502332699887816,3.0
1267,18,0,0,1,2.6840485265270053,26,0,3,0,0,0,0,0.5591437155118445,4.0
1268,18,1,1,3,12.895134531801858,28,0,3,0,0,0,0,0.5807884851770568,4.0
1269,17,1,0,1,6.793212409628855,13,0,0,0,1,1,1,1.6020891959846741,4.0
1270,17,1,2,0,14.158956534023782,21,1,2,0,1,0,0,1.0027983635819373,4.0
1271,16,1,0,2,11.148494893402841,15,0,3,0,0,0,0,1.6630634531990602,4.0
1272,18,0,1,2,5.120423461230262,13,0,3,0,0,0,1,1.5315464597195698,4.0
1273,18,1,1,2,13.016559009786562,11,0,4,0,0,0,0,2.205842147030335,3.0
1274,18,0,0,1,2.325473605857613,16,0,3,0,0,0,1,1.155338560965664,4.0
1275,15,1,0,2,10.728207661600608,13,1,1,0,0,0,0,2.153758339869399,3.0
1276,18,1,1,1,8.742962100900693,9,0,2,1,0,0,1,2.592786686317039,2.0
1277,15,0,2,3,5.357471656348816,23,0,0,1,1,0,0,0.9123305070955543,4.0
1278,16,0,0,3,12.080099954790002,28,1,3,0,0,0,0,0.6956309334599464,4.0
1279,15,0,1,2,17.42667184680565,13,1,2,0,0,0,0,2.1396198913689854,3.0
1280,16,1,0,1,19.978093995261535,17,0,3,0,0,0,0,1.5504493308923313,4.0
1281,18,1,2,2,12.15525537486849,21,0,4,0,0,0,1,1.5475367003506038,4.0
1282,18,0,0,0,8.094117486583404,8,1,3,0,0,1,0,2.966548034294946,2.0
1283,16,0,2,2,4.5041420043240326,16,0,2,1,0,0,1,1.6336793710032238,4.0
1284,17,0,0,1,5.141921787902235,5,1,1,0,0,0,0,2.3325403195354064,3.0
1285,16,0,0,3,9.589099562995314,7,1,3,1,1,1,0,3.270262309404739,1.0
1286,17,1,0,0,7.3455540256141845,25,0,1,0,0,0,0,0.3464705925902769,4.0
1287,15,0,0,2,18.276290452498884,12,1,1,0,0,0,0,1.8949043363401072,4.0
1288,15,0,1,2,7.365909353114191,17,0,1,0,0,0,0,1.4567426010872695,4.0
1289,15,0,0,2,7.468891822908709,4,0,2,1,0,0,0,2.5537231512721896,2.0
1290,18,0,2,0,7.67069024867954,5,0,1,0,0,0,0,2.224197461212005,3.0
1291,15,1,0,4,16.732404207353163,20,1,4,0,1,1,0,1.8476004181084256,4.0
1292,17,0,0,2,13.015766416938037,18,0,4,1,0,0,0,1.849760707133483,4.0
1293,15,1,0,2,12.283377006377854,3,0,4,0,0,1,0,3.268794215560215,1.0
1294,16,0,0,1,6.6828604476772435,6,1,0,0,0,0,1,2.546516637246023,2.0
1295,16,0,0,2,16.35808353664879,3,0,4,0,0,0,0,3.1012292205041274,1.0
1296,18,1,0,2,0.7672772271140227,24,0,4,0,0,1,0,0.6559540779626771,4.0
1297,16,0,0,0,17.415943446762263,10,1,4,0,1,0,0,3.088512305616677,1.0
1298,17,1,0,1,10.254997995878592,11,1,3,0,0,0,0,1.9925598054819997,4.0
1299,15,1,1,3,7.965004697268256,13,1,3,0,1,0,0,2.605247445547851,2.0
1300,18,0,1,1,9.943345614353714,12,1,1,0,0,0,0,1.7339724542334658,4.0
1301,15,1,0,1,13.348310610676622,28,0,3,1,0,0,0,1.1138487878591201,4.0
1302,15,1,0,2,0.2553085303579472,9,0,0,1,0,0,0,1.6492502516618042,4.0
1303,17,1,3,2,17.431037129164956,17,0,2,0,0,0,0,1.3375549802098763,4.0
1304,16,1,1,0,8.934790506227856,15,0,4,0,0,0,0,1.9846599185571745,4.0
1305,16,1,1,2,6.859330394001564,4,0,2,0,1,1,0,3.060881655966949,1.0
1306,15,1,0,1,2.764911312681142,7,1,1,0,0,0,0,2.3928973584250004,3.0
1307,18,1,2,0,8.789307487168843,13,0,4,0,0,0,0,2.0837969900967988,3.0
1308,16,1,2,0,9.926455425687577,4,0,4,0,1,0,1,3.6457380487704403,0.0
1309,18,0,1,3,8.072933889869557,25,0,1,1,0,0,0,0.322286081625407,4.0
1310,16,0,3,1,13.573201876537942,27,0,3,0,1,0,0,1.129514334361546,4.0
1311,18,1,0,0,8.41793057518452,23,0,2,1,0,0,0,0.6307569438666114,4.0
1312,17,0,0,2,19.228351556931468,7,0,2,0,0,1,1,3.1572296388040932,1.0
1313,18,1,2,3,11.985550356471837,24,0,1,0,0,0,0,0.680087787496653,4.0
1314,17,1,2,1,16.14955871303818,25,0,0,0,0,0,0,0.7963598478866475,4.0
1315,17,0,0,2,2.187118062189577,5,1,1,0,1,0,0,2.844039214925591,2.0
1316,18,1,0,0,7.9458258589181145,15,1,0,0,1,0,0,1.253451854215859,4.0
1317,17,1,0,2,6.736954028943054,27,0,4,0,0,0,0,0.534508880538856,4.0
1318,15,1,0,2,11.389647762731837,3,1,3,1,0,0,0,3.1910461182199175,1.0
1319,17,1,2,2,17.222270401228513,11,0,3,0,0,1,0,2.8154212753091197,2.0
1320,16,0,1,1,1.5667643552401334,10,0,3,0,0,0,0,2.1571223032650955,3.0
1321,18,1,0,1,1.4514959608942157,2,0,1,1,0,0,0,2.7238280604010647,2.0
1322,15,1,0,1,17.00635416315198,11,0,4,1,0,0,0,2.627693905554347,2.0
1323,18,1,0,1,4.257001720767148,29,1,3,1,1,0,0,0.9124156208354255,4.0
1324,16,0,0,0,13.375065088996275,4,0,2,0,0,0,0,2.609623081817451,2.0
1325,16,1,1,2,10.857562647216103,5,1,1,0,1,0,0,2.981992255406158,2.0
1326,16,0,3,4,16.657871897744588,18,0,3,0,0,0,0,1.6250827736961981,4.0
1327,17,0,2,4,2.5017781967280706,17,0,3,0,1,0,0,1.3616984178594074,4.0
1328,17,1,0,3,2.5956593144522255,15,1,3,0,0,0,0,1.9169618961294344,4.0
1329,18,1,2,2,11.13636720556615,22,0,0,0,0,0,0,1.011253194616751,4.0
1330,18,0,2,2,18.92757306716742,10,0,1,1,1,0,0,2.3321590405051187,3.0
1331,15,1,2,1,8.299955167415085,4,0,2,1,1,1,0,3.387938347765993,1.0
1332,15,0,0,2,6.538842005093899,8,0,3,0,1,0,0,2.384690791358408,3.0
1333,18,0,0,2,12.133786463957716,2,0,0,0,0,0,0,2.7808169956104924,2.0
1334,17,1,0,2,18.608972010900622,29,0,2,0,1,0,1,0.5348357535394734,4.0
1335,16,1,0,2,16.738556656892474,7,0,2,0,0,0,0,2.5422143487820366,2.0
1336,18,0,0,1,19.909672214664397,5,0,3,0,0,0,0,3.0071290674312805,1.0
1337,15,0,0,1,0.4513716640475418,3,0,2,1,0,0,0,2.9858098143768106,2.0
1338,17,0,0,3,2.2571628942552446,11,0,2,0,1,0,0,1.9493060573283008,4.0
1339,18,0,2,0,12.18935526733244,11,0,3,0,0,0,0,2.1478451963634986,3.0
1340,18,1,0,2,16.411528786676996,24,0,4,0,0,0,1,1.1757680252358405,4.0
1341,17,1,0,3,5.704886846135331,20,0,1,1,0,0,0,1.4003632540944204,4.0
1342,18,1,3,2,4.784221760684375,15,0,1,1,0,1,0,1.7555440233413917,4.0
1343,17,1,3,2,15.739515987624017,9,0,4,1,0,1,0,2.9000962392055474,2.0
1344,16,1,2,1,1.1276370770646316,21,0,2,0,0,0,0,1.0334594906901564,4.0
1345,17,0,3,1,7.387652951651702,13,0,3,0,0,0,1,1.907742363387151,4.0
1346,17,1,1,3,10.116184451846594,12,0,3,0,0,0,0,1.8809092897654762,4.0
1347,17,1,3,2,11.206973487006469,8,0,1,0,1,1,0,2.614950353949793,2.0
1348,18,1,0,2,14.572303135855538,6,0,3,1,0,1,0,3.1071355935726115,1.0
1349,18,1,0,0,7.096914468613164,11,0,3,0,0,0,0,1.3864645615000097,4.0
1350,17,1,0,0,12.253686893492144,4,0,2,0,0,0,0,2.8337600718448113,2.0
1351,18,0,0,4,11.707508455819127,17,0,0,0,0,1,0,1.0861513973549914,4.0
1352,15,0,0,1,10.952322013074943,3,0,4,0,0,0,0,2.874037360035303,2.0
1353,15,0,1,2,12.809665862844245,1,0,2,0,1,0,0,2.8956713046591833,2.0
1354,18,1,2,0,5.188983421361526,2,1,3,0,0,0,0,3.1813076022771107,1.0
1355,18,0,1,2,1.6929750716925795,25,0,3,0,0,0,0,0.47128310884343194,4.0
1356,17,0,0,3,2.3854334407948685,11,1,2,0,0,0,0,2.2113795279733512,3.0
1357,16,1,2,2,4.491647653078021,2,1,3,1,1,0,0,3.375252255246081,1.0
1358,18,1,1,1,10.003958710455706,3,0,4,0,1,0,0,3.203858190796927,1.0
1359,15,1,0,2,16.808855010920404,5,0,2,0,0,1,0,3.3501791105924874,1.0
1360,17,0,1,2,14.025866841767682,11,0,2,0,0,0,0,1.7257915297427142,4.0
1361,18,0,0,2,15.780812084040942,18,0,4,1,0,0,0,2.2166038146961022,3.0
1362,15,1,0,3,7.019512478521827,9,0,1,1,0,0,1,2.0046273170074884,3.0
1363,15,1,3,2,8.093074832971004,29,1,0,0,0,0,0,0.7157420455446748,4.0
1364,16,0,0,3,7.8736377198122565,0,1,4,0,0,1,0,3.8806400848697424,0.0
1365,17,0,0,2,3.8374636880900304,16,0,3,1,0,1,0,1.689528158418944,4.0
1366,17,1,2,1,1.2243331628714405,15,0,4,1,1,0,1,1.7579788035014272,4.0
1367,16,1,2,1,11.818321856544536,8,0,0,0,0,0,0,2.136399546240388,3.0
1368,16,0,0,1,19.784333668411723,24,1,1,0,1,0,0,0.9115682706466881,4.0
1369,17,1,0,3,3.3365940990052567,20,1,1,0,0,0,0,1.1378011102056016,4.0
1370,17,0,0,2,0.9336963979854751,8,1,3,1,0,0,1,2.34926492736688,3.0
1371,18,0,1,2,15.590633636478659,26,0,3,0,0,0,0,0.6237474365472879,4.0
1372,18,0,0,1,5.051720133694484,22,0,2,0,0,1,0,0.3410294459251265,4.0
1373,16,0,0,1,16.59287610705857,8,0,0,0,0,0,0,2.223813666751698,3.0
1374,18,1,3,2,14.078733340690308,11,0,3,0,0,0,1,2.3282403846301514,3.0
1375,15,1,1,2,18.91347074101609,22,1,2,1,0,0,0,1.6230778220088506,4.0
1376,18,0,0,1,8.178544715133441,8,1,1,1,0,0,0,2.200896321528595,3.0
1377,18,0,1,2,13.239396789012684,14,0,4,0,1,0,0,2.5841106550638626,2.0
1378,15,0,1,0,9.297095616265414,1,0,1,1,0,0,0,2.9965033042477023,2.0
1379,16,0,0,1,12.61177394617087,10,0,3,0,0,1,0,2.3739934814358454,3.0
1380,15,0,0,2,8.991978120154746,10,1,3,1,0,0,0,2.8304044557095467,2.0
1381,18,1,2,1,3.7726449284814967,7,0,2,1,1,0,1,2.5251155338354896,2.0
1382,16,1,0,4,10.157948320067618,22,0,1,1,0,0,0,1.0429816505882752,4.0
1383,18,1,1,1,10.571684028748846,5,0,2,1,0,0,1,2.6610969036702157,2.0
1384,15,1,0,1,16.21207696520322,20,0,3,0,0,0,0,1.5995938877280507,4.0
1385,15,0,0,1,14.710414115871624,19,1,1,1,0,0,0,1.7994091491725042,4.0
1386,18,0,0,2,13.275832478828882,6,0,3,0,0,0,0,2.6576385566960075,2.0
1387,17,0,0,2,2.2677419110514507,2,0,4,0,0,0,0,2.998484061883098,2.0
1388,17,0,0,2,14.4123258132743,7,0,4,0,0,1,0,2.977408432892682,2.0
1389,15,0,0,0,10.006103127090295,17,0,2,0,0,0,0,1.3751641369478076,4.0
1390,15,1,2,0,17.881990722123184,16,0,3,1,0,0,1,1.8488664401912396,4.0
1391,17,0,3,2,18.397418682610855,10,0,4,0,0,0,0,2.4424562001292713,3.0
1392,17,1,2,3,1.1031318120357092,1,0,2,1,0,0,0,2.8560385143532114,2.0
1393,18,1,2,3,16.412831207089575,24,1,1,1,0,0,0,1.206150230255099,4.0
1394,18,1,0,0,0.7539478084534124,20,0,1,1,1,0,0,0.8959029903990774,4.0
1395,17,1,3,2,7.343392513900453,26,0,1,0,0,0,0,0.2731909291583428,4.0
1396,18,0,0,3,10.845999512421582,23,0,3,0,0,1,0,0.66750896106505,4.0
1397,18,1,3,1,2.962015972542549,18,0,2,0,0,0,0,1.0894406041524294,4.0
1398,16,1,3,3,14.926276251381536,6,0,3,0,0,0,0,2.813211008121627,2.0
1399,18,1,2,1,0.16709408344277143,17,1,3,1,0,0,1,1.8687585897071979,4.0
1400,15,0,3,3,3.3719809686807367,7,0,3,1,1,0,0,3.0356935955108426,1.0
1401,18,0,1,2,11.615936597069513,13,0,3,0,0,0,1,2.13535680128746,3.0
1402,18,0,0,3,14.287751240745848,6,0,0,1,0,1,0,3.038116129209991,1.0
1403,17,1,0,2,18.332862053878323,27,0,3,0,1,0,0,0.9941294103867458,4.0
1404,15,1,1,1,14.109933038692477,20,0,2,0,0,0,0,1.2325571657328191,4.0
1405,18,0,0,3,13.435585405097319,27,0,2,0,1,0,0,0.8644037429995793,4.0
1406,18,1,1,1,7.886822927013286,26,0,0,0,0,0,0,0.11523185484882735,4.0
1407,16,0,3,1,0.025688510536028275,3,0,4,1,0,0,0,2.934586305266487,2.0
1408,18,0,0,2,2.403185174712439,16,0,4,1,0,0,0,2.0469388171096283,3.0
1409,18,1,2,2,10.691090895120784,4,0,2,1,0,0,0,3.065473133634235,1.0
1410,16,1,3,3,13.502597716888394,11,0,2,0,1,0,0,2.4370263001142716,3.0
1411,17,1,3,1,8.34896567792925,8,0,3,0,1,0,0,2.427614635957672,3.0
1412,18,1,3,2,14.613580230567804,25,0,1,0,0,0,0,0.7771509547591905,4.0
1413,16,0,1,2,10.437245906643575,19,1,1,1,1,1,0,1.879575445166732,4.0
1414,15,0,3,0,1.4835239118862442,12,0,3,0,0,0,0,1.5965748744045993,4.0
1415,17,0,2,1,3.8403250193589766,24,0,1,0,1,0,0,0.7045952434646587,4.0
1416,15,0,0,1,16.799964464878858,27,0,2,1,1,0,0,0.7641866973896485,4.0
1417,15,0,0,1,14.49825493248879,17,1,2,1,0,0,0,1.503416679305313,4.0
1418,16,1,2,4,17.8952397402499,19,1,2,1,0,0,0,1.5258378621561266,4.0
1419,18,0,0,2,2.3511449824187314,8,0,1,1,1,0,0,2.2708411075244164,3.0
1420,16,0,1,2,19.80445069230148,3,0,2,0,0,0,0,3.4023525386444518,1.0
1421,16,0,1,4,4.188134278998672,20,1,2,0,1,0,0,1.4382049683676248,4.0
1422,16,1,0,1,0.2355975257328402,26,0,2,0,0,1,0,0.33657129860815566,4.0
1423,16,1,1,3,19.948458781071082,7,0,3,0,0,0,0,3.1122811365205387,1.0
1424,17,1,2,2,5.621477708902263,0,1,4,0,0,1,0,3.770694721842285,0.0
1425,18,1,0,3,13.360389050251198,16,0,1,0,0,0,0,1.655613322522051,4.0
1426,15,0,0,1,3.533646283526104,24,0,3,1,0,0,1,1.0504696915596752,4.0
1427,15,0,0,3,11.604570643982834,8,1,1,0,0,1,0,2.5353912836886785,2.0
1428,18,1,0,1,18.080699729091187,19,0,2,0,0,0,1,1.3960904942452492,4.0
1429,15,1,3,1,6.403623348568772,12,0,2,1,1,0,0,2.025416982399455,3.0
1430,18,0,0,2,13.405079520887185,1,0,2,0,0,0,0,3.2683025478531924,1.0
1431,15,0,1,1,3.75807177596833,12,0,3,1,1,0,0,2.017218038843316,3.0
1432,16,1,0,2,12.495907974374505,8,0,2,1,0,0,0,2.3976825794915584,3.0
1433,15,1,0,2,6.729007036350203,29,0,2,1,0,0,0,0.2878673233291232,4.0
1434,18,1,2,2,4.224165171759033,19,0,3,0,1,1,0,1.5487102111350304,4.0
1435,18,1,2,1,6.263641014072703,5,1,1,1,0,0,0,2.905242112307261,2.0
1436,18,0,0,0,3.576821370155987,27,0,1,0,1,0,0,0.24897713123072576,4.0
1437,18,0,0,1,18.038322156757655,0,1,0,1,0,0,0,3.4184098665461984,1.0
1438,18,0,0,2,7.943737726342577,27,1,1,0,0,0,0,0.5829208864689581,4.0
1439,17,1,0,1,4.905586099487347,24,0,2,0,1,0,0,0.930028645913522,4.0
1440,17,1,1,1,8.968156820318658,4,0,2,1,0,1,0,2.679085718058188,2.0
1441,15,0,0,1,6.4107233361299105,2,1,1,0,0,0,1,3.1062304249844512,1.0
1442,18,0,0,0,14.88838507626652,3,0,0,1,0,0,1,2.7812878837000317,2.0
1443,15,0,0,2,19.424398237709887,0,0,3,0,1,1,1,4.0,0.0
1444,18,0,3,3,8.760673133952936,13,0,3,1,1,1,0,2.3327839636333105,3.0
1445,18,1,3,1,17.220667999444807,8,1,4,1,0,0,0,3.0677183698465544,1.0
1446,17,0,0,2,11.31726147119239,29,0,4,0,1,0,0,0.869123386308555,4.0
1447,17,0,2,2,3.1447133018846696,23,0,4,0,1,0,1,1.5205038773800068,4.0
1448,16,0,0,2,13.812454841626831,3,0,3,1,1,1,1,3.2898231421759827,1.0
1449,17,0,0,2,10.268689942516403,17,1,3,1,0,0,0,2.1757392926719743,3.0
1450,16,0,2,2,13.01213046504207,13,0,1,0,0,0,0,1.8524286908169374,4.0
1451,16,0,3,2,17.7937482514333,24,0,3,1,1,0,1,1.4772887703973712,4.0
1452,16,0,3,0,8.808691413120922,3,0,0,0,0,0,0,2.878926862568036,2.0
1453,16,1,1,2,18.023552464347112,24,0,3,0,1,1,0,1.0580507720986623,4.0
1454,16,1,0,2,15.013380285633097,9,0,2,0,0,0,1,2.572890420104166,2.0
1455,15,1,2,0,9.772098517559694,2,0,3,1,0,1,0,3.5877355870777485,0.0
1456,17,1,0,1,12.064442713159274,22,0,0,1,1,0,1,1.3014180137992601,4.0
1457,16,0,1,4,6.511622650380229,6,1,2,0,1,1,0,3.2094931359032093,1.0
1458,18,1,0,2,19.671945994775484,9,0,2,0,0,0,0,2.5372306390536963,2.0
1459,17,1,1,2,13.34702326100792,12,0,1,1,0,0,0,1.9893957592572007,4.0
1460,17,0,0,3,0.8769370499325979,3,1,2,0,1,1,0,3.0042333028010937,1.0
1461,16,0,0,2,6.532438114960176,17,0,0,1,1,0,0,1.5135167558797396,4.0
1462,15,1,3,2,12.46628867518115,10,0,2,0,0,0,1,2.1727405517009766,3.0
1463,16,1,0,2,1.126665555984796,24,1,2,0,0,0,1,0.6416491686246723,4.0
1464,15,0,1,3,0.47768382638285534,3,0,3,0,1,0,0,2.7535902317989964,2.0
1465,18,1,0,2,9.000484790556051,23,0,2,1,0,1,0,1.0384883524708666,4.0
1466,17,0,0,2,6.6538035938534,13,0,2,1,1,0,0,2.255019102931137,3.0
1467,18,0,0,1,8.765972160663317,17,0,4,0,0,0,0,1.666702257521599,4.0
1468,15,0,0,4,5.253866197600104,7,0,2,0,0,0,0,2.499459429635027,3.0
1469,15,0,2,2,3.2943549388596183,26,1,2,0,0,0,0,0.2782154592390721,4.0
1470,18,1,0,0,13.782867139606754,9,0,2,1,0,0,0,2.6375942281323583,2.0
1471,15,0,3,3,10.29142232535601,4,0,3,1,1,0,1,3.0571217282122816,1.0
1472,18,0,1,2,4.003084224987337,22,0,2,1,1,0,0,1.3619328272119078,4.0
1473,17,1,0,0,6.391788525199966,6,1,2,1,0,1,0,3.2389317177358112,1.0
1474,18,0,1,2,11.836158153266519,11,1,3,1,1,0,0,2.573034385056746,2.0
1475,17,1,1,2,1.444586965449557,24,0,0,0,0,0,0,0.0,4.0
1476,18,1,2,3,2.949060185323591,2,1,3,0,1,0,1,3.1439098781210157,1.0
1477,15,1,0,1,1.4649120821478023,25,1,2,1,0,0,0,1.04646340029671,4.0
1478,18,0,0,3,16.246346654282377,3,0,2,0,0,0,1,2.8685742282208135,2.0
1479,15,1,2,2,15.048184664240186,9,0,3,0,0,0,0,2.6394472915746228,2.0
1480,18,1,3,0,15.066258637585141,3,0,1,0,0,0,0,2.669749932596335,2.0
1481,18,0,2,4,14.32650686952056,14,1,3,0,1,1,0,2.794885282534225,2.0
1482,16,1,0,2,13.387708473397383,28,1,4,0,0,0,1,1.1865697291923056,4.0
1483,15,1,2,1,9.5398383075635,9,0,2,0,0,0,0,2.520175258554297,2.0
1484,16,1,0,2,12.8455632701423,20,0,4,0,0,1,0,1.6010784880682591,4.0
1485,15,1,0,3,0.767231095759493,29,0,0,0,0,0,0,0.0,4.0
1486,16,1,0,1,12.429288453135692,21,1,3,0,0,1,0,1.5950547587554353,4.0
1487,17,0,1,1,15.557554110737543,15,1,2,1,0,0,0,2.222002853095735,3.0
1488,18,1,0,1,10.007167207687804,14,0,2,0,0,0,1,1.6150931484836668,4.0
1489,15,1,0,1,7.150266568544739,18,0,1,1,1,0,1,1.6759194307143808,4.0
1490,15,0,2,2,5.5485346960195825,28,0,2,1,0,0,0,0.21431950358433965,4.0
1491,18,0,0,2,12.85604100324165,19,1,1,1,0,0,0,1.5567655569083212,4.0
1492,15,0,0,1,13.856023972598175,18,0,4,1,1,0,0,2.154199353389932,3.0
1493,15,1,0,1,17.41935199725085,17,0,3,0,1,0,0,2.0706693123979414,3.0
1494,16,0,3,1,6.846681649219814,25,1,1,0,1,0,0,0.5672371067999946,4.0
1495,15,1,1,3,15.395446147711711,11,0,1,1,0,0,0,2.162688107920216,3.0
1496,17,1,0,1,11.227116483786759,24,1,3,0,0,1,0,1.2912304259430896,4.0
1497,17,0,2,4,17.656729813561583,15,0,2,0,1,1,0,2.340156389104695,3.0
1498,18,0,2,2,10.556242165912415,0,0,1,0,0,0,0,2.9239697400630495,2.0
1499,15,1,0,1,10.352596567959345,15,1,2,1,0,1,0,2.1901466017791726,3.0
1500,18,0,1,3,11.557541628818182,1,0,2,0,0,0,0,3.0742141920071315,1.0
1501,17,1,2,2,14.986307102848688,23,0,1,0,0,0,0,1.009430321848957,4.0
1502,15,0,1,2,19.293809576569217,14,0,3,1,1,0,0,2.1185006019238966,3.0
1503,15,0,0,4,1.471267084315313,6,0,3,1,0,0,0,2.615347947639846,2.0
1504,18,0,2,0,1.0686920478203432,27,0,0,0,1,1,0,0.4159305071778432,4.0
1505,17,1,1,0,18.75100674814677,0,1,4,1,0,0,0,3.9470929642201784,0.0
1506,15,0,0,2,10.597512510364123,4,1,2,0,1,0,0,3.0173532270832526,1.0
1507,18,1,0,1,12.298060291338722,9,1,1,1,0,0,0,2.813786291054958,2.0
1508,17,1,0,1,9.648472031894578,21,0,1,0,0,0,0,0.7696361214560695,4.0
1509,18,1,0,0,1.8731490521494898,20,1,1,0,0,0,0,0.8922661351679123,4.0
1510,16,1,2,0,15.36178756837333,3,1,2,1,1,0,0,3.666290826527483,0.0
1511,15,0,0,2,14.944492901771739,13,0,1,0,1,0,0,1.4015482387657991,4.0
1512,16,1,0,1,6.23406642985624,12,0,2,0,0,0,1,1.4233383361752172,4.0
1513,17,1,1,2,6.124784904568008,0,0,1,1,0,0,1,3.1496447435255135,1.0
1514,16,0,0,2,16.75682761811037,15,1,3,0,1,0,1,2.353731151756538,3.0
1515,16,1,3,2,1.4471451548265324,22,0,3,1,1,0,0,1.1613543513353255,4.0
1516,17,0,0,0,17.622102967131315,8,1,2,0,0,0,0,2.6471959858736853,2.0
1517,18,1,0,2,5.1332337979182885,21,0,3,0,1,1,0,1.2989979848488324,4.0
1518,16,0,0,0,11.859694955109878,15,1,4,1,0,0,0,2.6441973683601545,2.0
1519,18,1,0,2,18.719883580035553,18,0,3,0,0,0,0,1.7379896187214479,4.0
1520,16,0,0,3,13.56245003073293,14,0,2,0,0,0,0,2.0187768989965207,3.0
1521,18,1,2,2,8.288596249340731,25,0,2,0,1,0,0,0.7177804975968944,4.0
1522,17,1,3,2,13.790684178108304,13,0,3,1,0,0,0,2.2675844008883907,3.0
1523,16,0,0,2,6.879592726327404,19,1,1,0,0,0,0,1.2714946229661936,4.0
1524,17,0,1,1,5.545168326983722,9,1,2,0,1,0,0,2.6216668933929705,2.0
1525,16,0,2,3,19.933665558693594,20,0,2,0,0,0,0,1.228528505250038,4.0
1526,17,0,2,3,15.015804623595754,11,0,3,0,1,0,1,2.4953123609841468,3.0
1527,17,1,0,1,12.894399547636352,27,0,3,0,1,0,0,0.7017618078332725,4.0
1528,16,1,0,2,7.105792864386375,0,0,2,1,1,1,0,3.8649768612963977,0.0
1529,16,0,0,3,0.9832165831009632,20,0,1,1,0,1,0,0.684651926072042,4.0
1530,16,1,2,4,0.6211375207031122,16,1,4,0,0,0,0,1.88585022368373,4.0
1531,15,0,2,2,11.083625108975976,8,1,0,0,1,0,0,2.3278327626806856,3.0
1532,18,0,0,2,15.240654420781022,22,0,0,1,0,1,0,0.8802328124843197,4.0
1533,15,1,0,1,10.747583808877101,18,0,2,0,0,1,0,1.4119815069059263,4.0
1534,15,1,3,4,16.81570143878229,24,0,3,0,1,1,1,1.6625318303754022,4.0
1535,17,1,2,1,0.6685306618644327,17,0,3,1,0,0,0,1.3415984768250016,4.0
1536,16,1,3,2,7.335041528518802,27,0,4,1,1,0,0,0.6592029163279249,4.0
1537,18,1,2,1,4.741407823483561,6,0,1,0,0,1,0,2.153371206457846,3.0
1538,17,1,0,1,8.94545936314244,8,0,2,0,0,1,0,2.4431029199121954,3.0
1539,15,1,1,2,1.4475278638824496,21,0,1,0,0,0,0,0.2700885546341743,4.0
1540,16,0,1,4,19.08263283142145,25,0,3,0,0,1,0,1.316724623344178,4.0
1541,17,0,0,0,4.465108021387218,20,0,2,1,0,0,0,0.8177142023856205,4.0
1542,16,0,1,2,18.446155509671694,11,0,0,0,1,0,0,2.056945969742978,3.0
1543,17,0,2,0,8.517863100733635,6,1,3,1,0,0,0,3.219333348074609,1.0
1544,16,0,0,1,19.71048266510436,13,1,2,0,0,0,0,2.2408700600381573,3.0
1545,15,1,2,2,11.081167669204214,14,1,2,0,1,0,0,1.9137997969013387,4.0
1546,18,0,1,2,18.616657283516147,14,0,3,0,0,1,0,2.240334376463302,3.0
1547,15,0,3,1,0.1069797738844569,5,0,1,1,0,0,0,2.2545475861917157,3.0
1548,18,0,0,1,14.964776123618002,20,0,1,1,1,1,0,1.8913004299388907,4.0
1549,16,0,0,0,18.061013062050307,13,0,1,0,0,1,0,2.2062263414776675,3.0
1550,17,0,1,1,2.7944113395790815,1,1,2,0,1,0,0,3.335098154642011,1.0
1551,15,0,0,4,1.9225170346430298,7,0,1,1,1,0,0,2.4119864614713284,3.0
1552,18,0,2,3,8.491452143719112,12,0,3,0,1,0,0,2.1609785190420574,3.0
1553,15,1,2,1,18.673578122658704,22,0,1,0,1,0,0,1.165394363121266,4.0
1554,18,1,0,2,10.847731203808774,5,0,4,0,0,0,0,2.58350063639477,2.0
1555,15,0,1,3,10.549129274434643,4,1,1,0,1,0,0,3.017063255946228,1.0
1556,18,1,1,0,2.8225223659864374,4,0,1,1,1,0,1,2.5761746968185832,2.0
1557,18,1,0,3,0.01579022186437573,24,0,1,0,0,0,0,0.23334988047150682,4.0
1558,16,1,3,3,16.202801814909225,0,0,3,1,0,0,0,3.646516388949796,0.0
1559,18,1,2,0,1.7514912597247645,8,1,2,1,1,0,0,2.6054252316173008,2.0
1560,16,0,1,1,12.67699637470648,5,0,3,1,0,1,0,3.3669295153821057,1.0
1561,18,1,2,4,18.29232909030383,19,0,3,0,1,0,0,1.5837802579379994,4.0
1562,17,1,0,2,4.17303826316862,25,0,4,0,0,1,0,0.7763967059483814,4.0
1563,17,1,3,0,13.305456724738216,29,1,3,0,0,1,0,0.7834866400151184,4.0
1564,17,0,1,1,1.5739715341501892,6,0,0,0,0,1,0,2.328311711261717,3.0
1565,18,0,2,2,12.07510287675226,8,0,3,1,0,0,0,2.718465435794503,2.0
1566,16,0,2,2,3.278634419064055,4,1,4,1,0,0,0,3.2448822032661777,1.0
1567,16,0,0,2,14.71907121030356,13,1,4,1,0,0,0,2.8656747490202017,2.0
1568,18,0,2,4,6.024625895878164,4,0,1,0,0,0,0,2.326326756466653,3.0
1569,17,0,0,1,9.267820176092926,7,1,3,0,1,1,0,3.303066678642581,1.0
1570,17,0,0,2,11.988610840552434,6,0,1,0,0,0,0,2.4892182377565297,3.0
1571,16,1,0,2,3.4254682133247916,12,1,1,1,1,1,0,2.600264186907329,2.0
1572,17,1,3,2,14.832756372352417,12,0,3,0,0,0,0,2.119171492034809,3.0
1573,15,1,2,1,6.052806812736291,7,0,4,0,0,0,0,2.522694547891483,2.0
1574,16,0,2,4,13.24743719825507,10,1,2,0,0,0,0,2.475854110200245,3.0
1575,17,0,2,3,3.165661013987473,27,1,3,1,0,0,0,0.782809234051424,4.0
1576,16,0,1,2,13.762353184127004,25,0,0,1,0,0,0,0.7664048694920337,4.0
1577,15,0,3,2,2.563761456209235,17,1,0,1,0,0,0,1.2836220775478306,4.0
1578,16,0,0,1,8.507129925399672,24,0,2,1,0,0,0,0.6431459327503606,4.0
1579,16,1,0,2,4.944121474777536,18,1,2,0,0,0,0,1.6692302172984,4.0
1580,16,1,0,2,14.96750498856365,5,0,3,0,0,0,0,3.2820700505937532,1.0
1581,16,0,2,2,5.240700090137491,21,0,2,0,1,0,0,0.7437140169647167,4.0
1582,15,0,2,4,17.634346127907925,1,0,2,0,0,0,1,3.3250668431789085,1.0
1583,18,0,0,2,17.836404228132256,27,0,2,1,1,0,1,1.184519764401664,4.0
1584,16,0,0,1,3.928826304455717,12,0,1,0,0,0,0,1.6165360987452144,4.0
1585,16,1,2,2,12.276918900154485,22,0,4,0,0,0,0,1.5830839708839028,4.0
1586,17,0,0,1,1.7543528343992865,24,0,2,0,0,0,0,0.1842514890903642,4.0
1587,16,0,2,1,7.830741992032584,27,1,2,0,0,0,0,0.47218104220902535,4.0
1588,17,0,3,1,14.266434590025446,25,0,3,1,1,0,0,1.2993555178087295,4.0
1589,18,0,0,2,13.188464936998326,10,0,2,0,0,0,1,2.379628283206932,3.0
1590,15,1,0,2,12.49401338813216,0,0,3,0,0,0,0,3.5662831299671103,0.0
1591,15,0,2,2,5.6508172732488715,23,0,1,0,0,0,0,0.27834757086963435,4.0
1592,18,0,2,2,7.560498988688041,1,0,1,0,0,0,0,2.4215468827715467,3.0
1593,15,1,1,2,2.0589228940057236,29,0,4,0,1,0,1,0.6176804235913715,4.0
1594,18,1,3,1,14.38045640867202,16,0,3,0,0,0,0,1.8047266578373842,4.0
1595,18,1,0,3,10.077775935825471,7,0,2,1,0,0,0,2.6352081296382535,2.0
1596,18,0,1,1,14.175312646913092,1,0,3,0,0,0,1,3.436025388769573,1.0
1597,15,0,2,1,4.978870495937455,5,0,4,0,0,1,1,2.7373779261627593,2.0
1598,17,1,2,2,6.488764572701324,21,1,1,1,0,0,1,1.1466960797952552,4.0
1599,18,1,0,1,6.684306745202293,4,0,0,0,0,0,0,2.4052675257641485,3.0
1600,16,1,2,0,0.514848194944324,15,1,2,0,0,1,0,1.5252820489261911,4.0
1601,15,1,1,2,6.82095745661247,7,0,1,1,1,0,0,2.4461570806358237,3.0
1602,18,1,0,2,16.06609147036067,18,1,1,1,0,1,0,1.9529530122549463,4.0
1603,18,1,0,2,17.94596991499477,15,0,3,1,0,0,0,2.293087191388992,3.0
1604,16,0,2,4,10.364366312718548,12,0,0,0,0,1,0,1.4716720294797634,4.0
1605,17,0,0,2,9.110033904384405,25,1,3,0,0,0,1,1.106713497753671,4.0
1606,17,0,0,3,0.6164923739874051,19,0,2,0,1,0,1,1.2058569757056352,4.0
1607,17,1,0,1,17.584086751707652,6,0,2,0,0,0,0,2.5590703550177483,2.0
1608,18,1,2,2,0.2602042685174544,15,0,3,1,1,1,0,2.4576510224957073,3.0
1609,18,1,1,3,18.895001604204236,22,1,2,0,0,0,0,1.2267412857712765,4.0
1610,18,1,2,2,9.784324973761812,15,0,1,0,0,0,1,1.5904330983565391,4.0
1611,15,1,0,2,6.838689871494532,28,0,1,1,0,0,0,0.3106695325979863,4.0
1612,16,1,1,1,18.484368696853203,11,1,3,1,0,0,0,2.7718106588704914,2.0
1613,18,0,1,0,0.48781986220193474,13,0,1,1,0,0,0,1.5826829916643974,4.0
1614,16,0,2,2,11.628497897381742,23,1,0,1,0,0,1,1.1055870981431069,4.0
1615,16,1,3,1,10.978650489986752,17,0,4,0,0,0,0,2.3002961351673665,3.0
1616,17,0,0,3,4.3864080242276415,26,1,4,1,1,0,0,0.9918836980476614,4.0
1617,15,1,1,1,8.577748627004212,27,0,2,0,1,1,1,0.16511062155187728,4.0
1618,18,0,0,4,13.045280118875404,17,0,0,0,0,0,0,0.9893299205987555,4.0
1619,17,1,1,4,14.54262393763855,15,0,3,1,0,1,0,2.230253521333785,3.0
1620,17,1,0,1,0.014337174131595631,19,0,3,1,0,0,0,1.3835280778946648,4.0
1621,18,0,0,1,18.737068601820305,15,0,1,1,1,0,0,2.1314052629810774,3.0
1622,16,0,0,3,3.290507447856248,12,0,1,1,0,1,0,1.8682769229981597,4.0
1623,17,1,1,4,4.671608684447184,25,0,3,1,0,1,0,1.2474819436382791,4.0
1624,16,1,0,2,5.269468913876965,28,0,4,0,0,0,0,0.2999075475985059,4.0
1625,15,0,2,1,0.7564027310407062,8,0,3,1,0,0,1,2.7051956947945466,2.0
1626,16,0,0,2,2.4610424718064983,25,0,1,1,1,1,0,0.8979380920800135,4.0
1627,15,1,0,2,19.72699845888324,27,0,2,1,1,0,0,1.3917317913625924,4.0
1628,16,0,2,1,6.304334747545721,8,0,3,0,0,0,0,2.150546165993222,3.0
1629,17,1,0,2,2.306021806780987,12,0,1,0,0,0,0,1.448741241526555,4.0
1630,17,1,0,0,2.1398252234924664,28,0,1,1,0,1,0,0.0,4.0
1631,15,1,1,0,14.389199353399437,3,1,1,0,0,0,0,3.0917150283564836,1.0
1632,18,1,0,1,17.091373280652817,8,0,2,0,0,0,0,2.576927695452172,2.0
1633,15,0,0,1,5.1390459901693974,14,0,2,0,0,0,0,1.9558725265628372,4.0
1634,15,0,0,1,0.4181902467046994,13,0,3,0,1,0,0,1.8787083443226635,4.0
1635,16,0,3,2,4.461800368907117,18,1,3,1,1,0,0,1.6304001316060543,4.0
1636,16,0,1,1,1.1303138159351467,11,0,4,0,0,1,0,2.372748110360667,3.0
1637,15,0,1,1,2.0678987326008302,20,1,3,1,0,0,0,1.279370611476852,4.0
1638,17,0,1,1,8.630162396952848,25,0,1,0,0,0,1,0.155004788411154,4.0
1639,16,0,0,4,4.598367417232652,24,1,2,0,1,1,1,1.2783470336697191,4.0
1640,18,1,0,2,10.318917570508468,5,0,2,0,1,0,0,2.6559935659147995,2.0
1641,16,0,2,2,5.069875065143807,2,0,0,1,0,1,0,2.6823160526270176,2.0
1642,16,0,0,2,18.810746022058954,25,0,4,0,1,0,0,1.6448199394832874,4.0
1643,18,1,0,4,18.11887935852529,24,1,0,1,1,0,0,1.3962784383778892,4.0
1644,15,0,0,1,11.33612210020932,21,1,2,1,0,0,0,1.6094867987939343,4.0
1645,18,0,0,2,7.088479839747723,19,0,2,1,0,1,0,1.187367524649196,4.0
1646,15,1,3,2,7.622937640694712,15,0,2,1,0,1,0,2.0197970227132727,3.0
1647,15,0,0,2,8.237045662889939,29,0,3,0,0,0,1,0.24162562822088438,4.0
1648,15,0,1,0,14.55158644269888,19,0,2,0,0,0,0,1.2477251942052903,4.0
1649,18,0,0,2,9.032779910376759,23,0,1,0,0,1,0,0.8526823634027514,4.0
1650,15,1,3,0,17.13459893011795,22,0,1,0,0,0,0,0.9657009889491655,4.0
1651,17,0,0,2,18.88189571860729,16,1,4,1,1,0,0,2.4238007516398317,3.0
1652,18,0,0,2,6.718923067578677,15,0,1,1,0,0,0,1.7419681672894356,4.0
1653,17,1,2,1,11.213889627513602,5,0,1,0,0,1,0,2.8459257757426046,2.0
1654,15,0,2,3,1.9011307366512886,7,0,2,0,0,0,0,2.039564398044963,3.0
1655,16,1,0,0,4.009380955327179,18,1,1,1,0,0,0,1.5420637396404377,4.0
1656,15,1,0,3,8.269315334203203,29,1,2,0,0,1,0,0.7307796023629439,4.0
1657,17,0,0,2,4.1240543180355775,24,0,3,1,0,0,0,0.4999877783931601,4.0
1658,17,1,0,1,17.53120981577435,25,1,3,0,0,0,0,1.122889381075435,4.0
1659,18,1,0,1,3.1657251211819615,1,1,3,0,1,0,0,2.9594927281039074,2.0
1660,16,0,0,4,9.11321643106184,13,0,1,1,1,1,0,2.3002052395759676,3.0
1661,18,1,0,0,12.113984809197513,21,0,2,0,1,0,0,1.35272076359225,4.0
1662,17,1,0,1,13.837278163216888,11,1,0,1,0,0,0,2.13406203808262,3.0
1663,15,0,1,1,7.661387394530134,16,0,0,1,0,0,1,1.2997943203369946,4.0
1664,16,0,3,2,17.381981374494572,27,0,2,1,0,0,0,0.7478339441237737,4.0
1665,15,0,1,2,11.36638302155851,26,0,1,1,1,1,0,0.5329232037789974,4.0
1666,15,1,0,1,8.790155608951036,14,0,3,0,0,0,0,2.0737697903171566,3.0
1667,16,0,0,1,1.3448126810407324,17,1,3,1,1,0,0,1.9913793639901416,4.0
1668,18,1,3,1,9.293789368903301,15,0,3,1,0,0,1,1.8999595995373022,4.0
1669,15,1,0,1,16.414716816314606,12,0,3,1,1,0,0,2.6148839418291825,2.0
1670,17,1,0,2,12.29082036442631,20,1,0,1,1,1,0,1.8102707442887624,4.0
1671,15,1,1,2,16.643249074582368,16,0,2,1,0,0,0,1.581931480635446,4.0
1672,16,1,1,1,9.880233411986111,7,0,1,0,1,0,0,2.2713328033020876,3.0
1673,16,1,1,1,2.369234101889637,0,1,2,1,0,0,0,3.363670491095614,1.0
1674,16,1,0,1,0.2727969167176214,28,0,1,1,1,0,0,0.4812984804652508,4.0
1675,18,0,0,4,6.064390934371824,24,0,0,1,1,0,0,0.1999273794512188,4.0
1676,15,0,3,4,13.95980942995585,25,0,2,0,1,1,1,1.2680087507224682,4.0
1677,18,1,0,3,15.805198078833875,26,0,3,1,0,0,0,0.8825524540001173,4.0
1678,18,1,1,1,5.915056692406589,2,1,3,0,0,0,0,3.120136639384952,1.0
1679,16,0,2,0,9.913078417664941,15,0,2,0,1,0,1,1.8041546917762192,4.0
1680,16,1,1,1,8.422378088681633,27,0,2,1,1,1,0,0.6817036435058786,4.0
1681,18,0,0,1,8.210455687028556,1,0,2,1,0,0,1,2.898261817162794,2.0
1682,15,0,0,2,4.62697426400301,14,0,3,0,0,0,1,1.7303180027913696,4.0
1683,17,0,1,2,2.7274221005891675,0,1,0,1,0,1,0,3.560791672128213,0.0
1684,18,1,2,3,3.9337711646242624,8,1,3,0,1,0,0,2.5287745744068277,2.0
1685,15,1,3,3,1.106647743266922,15,1,2,0,1,0,0,1.5923878582033109,4.0
1686,16,0,0,1,3.962614836471541,3,0,1,0,0,1,1,2.3741309720150148,3.0
1687,16,0,0,2,0.18401795250758912,11,1,0,1,0,0,0,1.8104094800411434,4.0
1688,15,0,3,1,12.545168012719564,0,0,1,0,0,0,0,2.829826431301572,2.0
1689,17,0,2,0,6.327508147753658,0,1,2,0,0,0,1,3.0476020888188065,1.0
1690,16,0,2,2,19.462894228538172,6,1,3,1,1,0,0,3.625921730346796,0.0
1691,16,1,0,0,3.874341015525957,17,0,2,0,0,0,1,0.9273215453238871,4.0
1692,16,0,1,2,6.916571406191878,22,0,2,1,0,0,0,1.3319589487642747,4.0
1693,15,1,2,1,7.156823172830665,27,0,4,1,1,0,1,0.7795517215186132,4.0
1694,18,0,1,2,0.1690299212492108,22,0,1,1,0,0,0,0.8813584466312141,4.0
1695,16,1,0,2,16.78415906078918,14,1,1,0,0,0,0,2.398121085937693,3.0
1696,18,1,0,1,0.6398892028864944,25,0,2,0,1,0,0,0.7588142687845363,4.0
1697,17,1,1,3,18.803596694584826,29,0,3,1,0,0,0,1.0288655959633795,4.0
1698,16,1,0,1,17.841487021872414,24,0,3,0,1,0,0,1.4444766951837589,4.0
1699,16,1,0,2,10.710438321719272,12,1,2,0,0,0,0,2.214067459161345,3.0
1700,17,1,3,2,10.871911498225842,15,0,4,0,1,1,0,2.5119180875322624,2.0
1701,16,0,0,2,13.075558459123126,6,0,3,0,0,0,0,2.6901498030104545,2.0
1702,18,1,2,4,7.7410002386977395,15,0,0,1,0,0,0,1.6052743861754348,4.0
1703,15,0,0,1,12.94444566795711,12,0,3,1,0,1,1,2.709889487418108,2.0
1704,18,1,1,2,0.8953677737697374,13,0,0,0,1,0,0,1.528563501341875,4.0
1705,15,1,3,2,1.0809525469945314,16,1,3,0,1,0,0,1.7785692022870156,4.0
1706,15,0,0,3,9.144608392390888,11,0,1,1,0,0,0,2.1219640588635724,3.0
1707,18,1,0,1,10.9924460221207,28,0,3,0,0,0,0,0.40590483142842537,4.0
1708,18,0,0,2,17.75635280671638,23,0,2,1,0,0,0,1.1239263277412141,4.0
1709,18,0,0,2,2.093212678157925,23,0,3,0,0,0,0,0.8703304110318186,4.0
1710,18,0,2,1,16.452958543877788,19,0,2,1,1,0,0,1.8228292080685775,4.0
1711,17,0,3,2,4.200946745841392,12,0,3,1,0,0,0,2.2311829319462495,3.0
1712,16,1,0,1,7.881672970200637,23,0,1,0,1,1,0,0.9669677174911444,4.0
1713,15,1,0,2,6.332048696548258,19,0,4,0,1,0,0,1.69185894616234,4.0
1714,18,0,0,3,8.00310545730798,14,0,3,0,0,0,0,2.0697582058612616,3.0
1715,18,1,2,2,3.009909961451711,23,1,1,1,1,0,0,1.0578761267920678,4.0
1716,18,1,0,2,10.0714014880711,20,0,4,0,0,0,0,1.3214272070130963,4.0
1717,17,0,1,2,16.032851796627344,3,1,2,1,0,0,1,3.5169407207158963,0.0
1718,18,1,1,0,8.830680207577938,21,1,3,0,1,0,1,1.0491570024752104,4.0
1719,18,0,1,1,9.812271517963982,1,0,3,1,0,0,0,3.4861413290978023,1.0
1720,18,0,0,2,16.975351705626284,27,1,0,1,0,0,1,0.586837405483887,4.0
1721,16,1,2,1,14.121162292760616,17,0,4,0,1,0,0,2.3588158974550537,3.0
1722,17,1,0,1,9.809088170395695,1,0,2,0,0,0,0,3.152222285699565,1.0
1723,18,1,0,2,5.153912963783593,24,0,1,0,0,0,0,0.5878350833437533,4.0
1724,15,0,2,1,17.698534936899332,14,0,3,1,1,0,1,2.66889332908893,2.0
1725,15,0,2,1,11.540408033811167,29,0,3,0,0,0,0,0.3043720342532843,4.0
1726,15,1,0,2,4.422952202213867,25,0,0,0,1,0,0,0.2806703078814149,4.0
1727,17,1,0,1,5.382395052760208,18,0,1,1,0,0,0,0.8730911973563495,4.0
1728,17,1,0,3,16.06266177872492,14,0,3,0,0,0,0,2.330783482945125,3.0
1729,15,1,0,3,0.8829112417491092,25,0,0,1,1,1,0,0.318850908518507,4.0
1730,18,0,0,2,19.8418437405764,19,0,4,0,0,0,0,1.7922893205354298,4.0
1731,17,1,0,1,2.6070335942958356,9,0,3,0,1,0,0,2.573219136505813,2.0
1732,15,0,0,2,15.921370507938748,27,0,2,0,1,0,0,1.0844901258226167,4.0
1733,15,0,2,3,7.895506335433657,23,0,2,1,1,0,1,1.0866966802818125,4.0
1734,18,1,1,2,9.844323665749338,19,0,2,0,0,1,1,1.00411266268769,4.0
1735,16,1,1,1,17.613011549291556,10,1,2,1,0,0,0,2.8246048925178546,2.0
1736,17,1,0,2,8.258223791784264,25,1,3,0,1,1,1,1.364373782117196,4.0
1737,18,0,3,3,10.74987507346469,9,0,4,0,0,0,1,2.6072864007904446,2.0
1738,15,1,2,2,0.9859932481833988,28,1,2,1,0,1,0,0.5684680837933294,4.0
1739,15,1,2,2,0.04694947734906307,22,0,2,0,0,0,1,0.5737961933285499,4.0
1740,18,0,2,2,4.895997460034518,4,0,1,0,0,0,0,2.258071035198048,3.0
1741,17,1,3,2,13.611661858375346,8,1,3,0,0,0,0,2.8400929751013146,2.0
1742,16,0,1,0,2.425297867182734,19,0,3,1,1,0,0,1.6831172628416484,4.0
1743,16,1,0,2,2.2752391760909885,18,1,3,1,0,0,0,1.7209071500753406,4.0
1744,15,0,1,0,8.219212160718065,12,0,0,0,0,0,0,1.5377839093207277,4.0
1745,17,1,2,2,12.95674077216453,17,0,3,0,1,0,0,2.0634635075132985,3.0
1746,16,1,2,1,14.24143984495861,16,0,2,1,0,0,0,1.878547509948441,4.0
1747,17,0,1,2,3.5690134819674957,26,0,3,1,1,0,1,0.8632708590471806,4.0
1748,17,0,0,1,1.591762947440849,5,0,3,0,0,0,0,2.513286133011632,2.0
1749,15,1,0,2,18.807940678910885,9,0,3,1,1,0,1,2.7721632696203784,2.0
1750,16,0,3,2,5.213327651242034,1,1,2,0,0,0,0,2.8883859357893624,2.0
1751,18,0,1,1,17.066929952174476,23,0,3,0,1,0,0,1.3371610494936967,4.0
1752,15,0,1,1,17.269829009256366,5,0,0,0,0,0,0,2.3706116146947664,3.0
1753,16,0,0,1,15.450451835250888,27,0,3,0,0,1,0,0.8544646477713151,4.0
1754,16,1,0,3,3.3766721330514016,27,1,0,0,0,0,0,0.32264182699444766,4.0
1755,16,1,2,2,16.436029185084006,20,0,2,1,1,0,0,1.8342269970893037,4.0
1756,16,0,1,2,15.385011184831734,12,0,1,0,0,0,0,1.9900604524480012,4.0
1757,16,0,2,1,11.934459802124342,17,1,3,0,1,0,0,2.226983393791037,3.0
1758,17,0,0,2,6.744040703379055,6,0,2,0,0,0,1,2.60838689826964,2.0
1759,15,0,1,3,5.250172085330882,1,0,3,1,0,0,0,3.4063390822727126,1.0
1760,17,1,0,3,2.4377842416071793,28,1,3,1,0,0,0,0.8670343739276987,4.0
1761,18,1,2,2,10.195141338017429,13,1,3,0,1,0,0,2.166091325158555,3.0
1762,16,0,0,0,11.705217510196931,4,0,1,0,1,0,0,2.4229283329107885,3.0
1763,15,0,0,1,7.186779810315745,17,0,3,0,1,0,0,1.509557877776469,4.0
1764,16,0,1,0,9.507181353617371,10,1,2,0,1,0,0,2.44385726431874,3.0
1765,15,1,3,1,7.270289147385334,9,0,0,0,0,0,0,2.0038283786309425,3.0
1766,17,0,0,1,12.820121146414024,10,1,1,0,1,0,0,2.465306489467062,3.0
1767,15,1,2,1,18.025184155931267,26,0,1,1,0,1,0,0.8447920018716684,4.0
1768,18,0,0,1,3.2784052409388975,1,0,0,0,1,0,0,2.731058898448731,2.0
1769,18,1,0,3,7.6281761980624685,14,0,2,0,0,0,0,1.736011489374202,4.0
1770,15,0,0,2,2.8173720790172263,6,1,0,0,1,0,0,2.5896707308558047,2.0
1771,15,1,0,3,12.498875408156639,8,1,2,1,0,0,0,2.7423611231016096,2.0
1772,15,0,1,2,14.577410189771916,4,0,1,0,0,0,0,2.4959194397063627,3.0
1773,15,0,0,1,18.63825465194912,6,1,1,0,0,1,0,2.8534371942017955,2.0
1774,18,0,0,2,5.577438525219298,19,0,4,1,0,0,0,1.5913479919456928,4.0
1775,16,1,3,1,19.004224117308603,1,0,2,0,0,1,0,3.209673328360458,1.0
1776,15,0,0,2,1.265253436413496,2,1,1,0,1,0,0,3.127617865184041,1.0
1777,15,1,2,1,12.060277267291763,1,1,2,0,1,1,1,3.453275896757228,1.0
1778,18,1,0,4,1.1426543868665995,20,1,1,1,0,0,0,0.8227735669667381,4.0
1779,18,0,1,1,17.875483755238896,21,1,0,0,0,0,0,1.2173352280449594,4.0
1780,17,0,0,1,10.596181141401082,22,0,0,1,0,0,0,0.7626843112270509,4.0
1781,15,0,0,3,13.386967015255921,18,0,4,0,1,1,0,2.145848670885439,3.0
1782,17,1,0,0,16.63147851820905,3,1,3,0,0,0,0,3.2991310018333437,1.0
1783,18,0,0,2,3.006212449679375,23,0,3,1,0,1,0,1.1708122846030742,4.0
1784,18,1,0,2,0.7718312387626769,19,0,4,0,0,0,1,1.4245956528715278,4.0
1785,16,1,1,3,17.577622918257042,6,0,4,0,0,0,0,2.9026593668557465,2.0
1786,15,0,2,4,6.29866454917865,27,0,3,0,0,1,0,0.691477418739295,4.0
1787,17,0,2,4,2.5795781585433053,21,1,3,1,0,1,1,1.8865425000782803,4.0
1788,18,0,1,0,9.36922474174173,6,0,2,0,0,0,1,2.635341351261105,2.0
1789,18,0,0,3,11.966121513920376,16,1,1,0,0,0,0,1.5003394189345471,4.0
1790,17,0,0,2,0.6194120684502025,18,0,2,0,0,1,0,1.2355538161189008,4.0
1791,16,0,0,2,5.497913165141755,21,0,2,0,0,0,0,0.604613405510861,4.0
1792,18,1,0,1,0.6559974855379203,15,0,4,0,0,0,0,1.3881389762566787,4.0
1793,15,1,1,2,8.40670778390998,2,0,2,0,0,1,0,3.3005522062792574,1.0
1794,18,1,1,4,17.902000581324884,14,0,3,0,0,0,1,2.1686415934545398,3.0
1795,15,0,0,3,19.653048229871384,13,0,2,1,1,0,0,2.7972674797319326,2.0
1796,17,1,0,2,12.740951070072551,14,0,1,0,0,0,0,1.7174586153875433,4.0
1797,15,1,2,0,3.232753875691836,13,0,2,0,1,0,0,1.6879004923340846,4.0
1798,17,1,2,1,18.116987799986116,6,0,2,1,0,0,0,2.95214586347002,2.0
1799,15,1,0,3,10.32495646400121,24,0,2,1,0,0,0,0.9633750092514732,4.0
1800,17,1,3,2,3.074986242058362,2,0,2,1,0,0,0,3.3349718279859153,1.0
1801,15,0,3,2,18.434533389033227,29,0,1,0,0,0,0,0.4436406552124723,4.0
1802,16,0,0,0,15.14938101446206,16,1,2,1,0,0,0,1.9557917388354116,4.0
1803,15,1,0,2,14.63410545446303,9,0,3,1,1,0,0,2.850351339225344,2.0
1804,15,1,1,2,14.183614075888094,14,1,2,0,1,0,0,2.370067422230533,3.0
1805,16,1,3,3,4.006796421928847,28,1,2,0,0,0,0,0.15259077923367834,4.0
1806,18,0,2,2,4.220133834150522,5,0,0,0,0,0,0,2.123043126970309,3.0
1807,18,0,0,1,13.7658599685451,27,1,1,1,0,1,1,0.9220132315429356,4.0
1808,15,1,0,2,4.394455002207938,16,0,2,0,0,0,1,1.42899323811113,4.0
1809,16,0,1,0,8.773433936060977,16,1,2,0,1,0,0,1.8934409155419147,4.0
1810,15,0,1,4,15.640036511878828,13,1,2,0,0,0,0,1.9395846660340499,4.0
1811,17,1,0,1,15.679050361956818,23,0,3,1,1,0,0,1.511276997165948,4.0
1812,17,0,2,2,9.065235450517193,24,0,1,0,0,1,0,0.8256041743927887,4.0
1813,15,0,1,1,15.843798765504902,17,0,0,1,0,0,0,1.7643543086537177,4.0
1814,18,1,2,2,16.772435923961137,24,0,2,1,0,0,0,1.295594900495879,4.0
1815,18,0,2,2,13.095515025685206,4,0,2,0,0,0,0,2.4737171780781475,3.0
1816,15,0,2,2,4.568517046168403,28,0,2,0,0,1,0,0.019798485017409106,4.0
1817,15,1,0,1,5.48023560771095,7,0,3,0,0,0,0,2.2029585057112775,3.0
1818,17,0,1,1,6.296823108174707,6,0,3,1,0,0,0,3.0400254359810663,1.0
1819,18,0,0,1,2.33608215467904,22,1,1,1,0,0,0,1.0690799865648395,4.0
1820,15,1,1,2,5.463192407398902,3,1,4,1,0,0,0,3.9417600224442615,0.0
1821,17,1,0,0,4.190384486250642,17,0,1,0,0,1,0,1.48259597306949,4.0
1822,18,1,1,2,9.106574996172043,4,0,3,0,1,0,0,3.042275369333665,1.0
1823,16,0,0,3,18.168750957445297,15,0,3,0,1,0,0,2.1039665103433465,3.0
1824,17,1,0,3,2.0896063350791616,13,0,3,0,0,0,0,1.7875223290156508,4.0
1825,18,0,0,2,14.405358478947912,26,1,1,1,0,0,1,1.1003818825946587,4.0
1826,18,1,0,2,13.745660088262554,26,0,2,0,0,0,0,0.8545582885805375,4.0
1827,17,0,2,0,1.9150839732671532,18,0,2,0,1,0,1,1.199651387587034,4.0
1828,16,1,2,2,18.451448098116,13,1,1,0,0,0,0,2.591940919144186,2.0
1829,17,1,1,3,11.369444043136392,8,1,0,0,0,0,1,2.2822127451739602,3.0
1830,18,1,0,1,7.274510422713685,5,0,2,0,0,0,0,2.7548774932704316,2.0
1831,15,1,0,2,15.130771669906133,16,0,2,0,1,0,0,1.9212686469167612,4.0
1832,15,0,0,3,5.147309168032681,18,0,3,1,0,1,0,1.5835564956915293,4.0
1833,17,1,0,3,13.870196740926408,11,0,1,0,0,1,0,1.7233856864018513,4.0
1834,18,1,2,1,0.7942241514449444,3,1,3,1,0,0,0,2.8760550053652034,2.0
1835,15,0,0,2,16.78816075218544,15,0,1,0,0,0,0,1.8889919304287466,4.0
1836,18,1,0,1,8.96341694042637,24,0,3,1,1,0,0,1.369369967422703,4.0
1837,17,0,0,1,12.733858287158835,10,1,2,0,0,0,0,2.5505462336959117,2.0
1838,15,1,0,3,4.424756396133674,21,1,2,1,1,1,1,1.9435733405447095,4.0
1839,18,1,1,3,13.541474253168959,3,1,3,1,0,0,1,3.3104012689001965,1.0
1840,15,1,1,2,15.444805517865532,16,0,1,0,0,0,0,1.418938674503826,4.0
1841,17,0,0,0,9.464263737687975,7,0,1,0,1,0,0,2.3530546550379574,3.0
1842,18,1,0,3,12.354538481235886,13,0,2,0,0,1,0,1.7528862062165578,4.0
1843,15,1,0,2,9.126518476447972,26,0,1,1,0,1,0,0.5139629886917817,4.0
1844,17,1,0,1,17.88182738515691,1,0,2,0,0,0,0,3.0219548675332906,1.0
1845,15,0,0,2,9.957383610286383,10,0,1,0,1,0,1,1.8347494481922708,4.0
1846,15,0,3,0,16.83617418057638,10,0,3,0,0,0,0,2.2757001470083558,3.0
1847,16,1,1,2,16.02704116540497,23,1,3,1,1,0,1,1.7676467845806807,4.0
1848,16,0,1,2,8.21009642696713,21,0,0,1,0,1,0,1.353723074286344,4.0
1849,17,1,0,1,4.6016898371495,23,1,3,0,1,0,0,1.0342011685600783,4.0
1850,16,1,0,1,8.121642651195419,5,0,2,0,0,0,0,2.758341831164698,2.0
1851,17,1,1,1,16.524347515504402,20,1,2,1,0,0,0,1.7899668741623316,4.0
1852,16,1,1,0,4.552650716387847,20,0,2,1,0,0,0,1.223973606916021,4.0
1853,15,1,2,2,10.488726917154986,13,1,3,0,1,0,1,2.4436191054209386,3.0
1854,17,1,0,3,16.12193495921495,29,0,2,0,1,1,0,0.36295700275612797,4.0
1855,17,1,1,0,7.069549502567575,9,0,3,1,0,0,0,2.251753921949751,3.0
1856,15,0,0,0,12.844192740053948,25,1,1,0,0,0,0,0.9000416924553322,4.0
1857,17,0,2,2,4.912631480976291,26,0,4,0,0,0,0,0.6566169233161951,4.0
1858,17,0,1,3,2.1855889073631984,7,0,3,1,0,0,0,2.1864269513348455,3.0
1859,16,0,1,1,15.887684501857127,6,1,1,0,0,1,1,2.88313626573597,2.0
1860,17,0,0,1,1.9793724681741365,7,1,3,1,0,0,0,2.877853697636979,2.0
1861,18,0,1,2,5.427627901591691,27,0,2,0,0,0,0,0.012063489633895919,4.0
1862,15,0,0,1,17.1021884399488,7,0,1,1,0,0,0,2.583738162772638,2.0
1863,16,1,0,0,6.929385741573344,22,0,1,0,1,0,0,1.1615545310949262,4.0
1864,16,1,0,2,19.46090699028322,1,0,0,1,0,0,0,3.301690512687678,1.0
1865,18,1,1,2,19.594686695477193,26,1,3,0,0,0,0,1.5051727733314488,4.0
1866,15,1,0,2,5.365520409071134,15,0,2,0,0,0,0,1.385696220554564,4.0
1867,15,0,0,2,0.819564444997809,8,0,2,0,0,0,1,2.240923948684623,3.0
1868,16,0,2,2,14.101265684107583,12,1,1,1,0,0,0,2.116723382234456,3.0
1869,17,1,0,1,9.019730052966874,22,0,2,0,0,0,1,1.0366568343647269,4.0
1870,16,1,1,1,2.0150568791915258,11,0,2,0,0,0,0,1.6174602067259882,4.0
1871,15,0,0,1,14.150456379560856,26,0,3,0,0,0,0,0.8659455421420207,4.0
1872,18,1,0,1,0.6234981822384245,21,0,4,0,1,0,0,1.3202459872226313,4.0
1873,16,1,2,2,17.403933809844844,24,0,2,1,0,0,1,1.2597646826652291,4.0
1874,15,1,0,3,2.7730505822660745,28,0,2,1,0,0,0,0.08157318441514638,4.0
1875,16,1,0,4,2.5462375749345,16,0,2,0,1,1,0,1.6896730848454322,4.0
1876,17,0,1,2,3.5134459593716905,26,0,3,0,0,0,1,0.46042164975954214,4.0
1877,16,1,1,1,19.205327169841333,1,0,1,1,0,0,0,3.577043897429733,0.0
1878,16,1,1,1,13.86338720507692,12,0,2,1,0,0,0,2.0878721266068734,3.0
1879,15,0,0,3,16.027430709272735,0,0,3,1,0,0,0,3.3695843618327963,1.0
1880,15,0,0,2,7.95269971465506,25,0,0,0,0,0,0,0.0,4.0
1881,15,1,2,2,6.726254550099111,27,0,1,0,0,0,0,0.09465159168077011,4.0
1882,16,0,1,2,4.689680135663399,18,0,3,0,1,0,0,1.4053156279015715,4.0
1883,17,1,2,2,9.612960566248178,10,0,1,0,0,0,0,1.878264180025782,4.0
1884,18,1,2,3,11.03657467068337,4,0,2,1,0,0,0,2.871904770418778,2.0
1885,18,0,2,0,12.635496873055107,0,1,2,0,0,0,0,3.7079480402167513,0.0
1886,15,1,0,2,5.14237007997389,19,0,2,0,0,1,0,1.1748680910745393,4.0
1887,15,1,0,3,18.973081618059812,29,1,1,1,0,0,0,0.9954496418804064,4.0
1888,16,1,2,1,3.395169964142717,12,1,4,0,1,0,0,2.5287112567899213,2.0
1889,18,1,0,2,19.313063495328247,7,0,0,1,1,0,0,2.5968344902614566,2.0
1890,15,0,0,1,0.29712245015007577,5,0,3,0,0,0,0,2.46060677377515,3.0
1891,17,0,2,4,9.622513836336912,28,1,0,0,0,0,0,0.5477807235419316,4.0
1892,17,1,2,0,6.667356762331256,16,0,2,0,1,0,0,1.803054426736249,4.0
1893,15,0,0,2,8.982468278605015,11,1,1,0,0,0,0,2.3099758477693926,3.0
1894,15,1,0,1,11.41329157961578,0,0,1,0,0,0,0,3.0933639433242823,1.0
1895,18,1,0,2,8.71178316025418,2,0,1,0,0,0,0,2.6159007236869956,2.0
1896,18,1,2,1,8.2969370060319,13,0,2,0,1,0,0,2.27691831821056,3.0
1897,16,1,3,1,14.65446830826613,25,0,2,1,0,0,0,1.0515315263472127,4.0
1898,18,1,0,2,13.717525501729293,7,0,1,0,1,0,0,2.747706159044371,2.0
1899,17,0,0,3,16.665425640716958,10,0,4,0,0,0,0,2.6216701040126886,2.0
1900,17,1,2,1,4.999179624789911,26,1,1,0,0,0,0,0.24329809384427448,4.0
1901,15,0,0,1,12.190570195081271,13,1,2,0,0,0,0,2.1947065208246226,3.0
1902,18,0,1,2,11.703895707857077,7,0,1,0,0,0,1,2.639906487707337,2.0
1903,16,1,3,2,7.394756217453775,28,1,2,0,1,0,0,0.8334934182533646,4.0
1904,17,1,0,3,9.721150838053617,2,1,3,0,0,0,0,3.402401590802249,1.0
1905,17,1,1,1,6.275642866114575,6,1,2,0,0,1,0,2.6162916954361832,2.0
1906,16,1,0,2,2.836887952339704,27,0,1,0,0,0,0,0.33971538496845155,4.0
1907,16,1,0,1,4.276024213254656,18,1,1,1,0,0,1,1.6977287802151975,4.0
1908,17,0,2,1,2.1102729280240218,3,0,3,0,0,0,0,2.356856806870208,3.0
1909,17,1,0,2,13.661391503802482,24,0,1,0,0,0,0,0.8456248398851254,4.0
1910,16,1,3,2,13.21454786218303,15,1,2,1,0,1,0,2.246545273169087,3.0
1911,17,0,1,2,19.012127431597456,12,0,1,1,1,0,0,2.4786991828290517,3.0
1912,15,0,0,1,14.593568272944825,19,0,1,1,0,1,1,1.3742882826190426,4.0
1913,15,1,0,2,1.040916775122629,18,1,1,0,1,0,0,1.3553810454285826,4.0
1914,16,0,0,2,17.684903478579084,4,0,3,1,0,0,0,3.060490750087925,1.0
1915,18,1,0,4,17.253503258914517,22,1,3,1,0,0,0,1.5569571221233613,4.0
1916,16,0,0,1,8.866406415453973,4,1,2,1,0,0,0,3.219531247903172,1.0
1917,16,0,0,1,11.717261010558431,19,0,1,0,1,0,0,1.150153548429549,4.0
1918,18,1,0,1,19.521566649450378,23,0,2,0,0,1,1,1.3214293024924364,4.0
1919,18,0,2,2,10.646087276963325,3,1,2,1,1,0,0,3.4913265883378144,1.0
1920,18,0,1,1,18.106436567521797,1,0,2,0,0,1,1,3.8695867242043693,0.0
1921,15,0,2,3,1.6607751562037287,25,1,0,0,0,0,1,0.17046361325298065,4.0
1922,17,0,0,1,3.821037374173657,12,1,4,0,0,0,0,2.197387290025697,3.0
1923,15,0,0,3,8.815098868826357,29,0,2,0,0,0,0,0.021155582754513902,4.0
1924,17,0,1,1,11.695136166746094,15,0,4,0,0,1,0,2.386799507281263,3.0
1925,15,1,0,2,16.324557037256003,21,1,0,0,1,0,0,1.3610312878747248,4.0
1926,17,1,0,3,19.765242302863737,1,0,1,1,1,0,0,3.5106808899730706,0.0
1927,15,0,2,1,7.777029929482328,18,0,1,0,1,0,0,1.4373707502913808,4.0
1928,18,1,2,4,0.9483127228016985,16,1,3,0,1,1,0,1.8044174585321688,4.0
1929,16,1,1,2,16.023430065906496,4,1,2,1,1,0,0,3.262269864334146,1.0
1930,15,1,0,3,12.087614381656163,24,0,3,0,1,0,0,1.169658238097338,4.0
1931,17,0,2,2,3.9708571773640333,17,0,3,0,0,0,0,1.4015509339508203,4.0
1932,18,1,1,1,9.896569132428404,27,0,3,0,0,1,0,0.5496018253589585,4.0
1933,15,0,2,1,14.846204910674487,22,1,3,0,0,0,0,1.5165082679194366,4.0
1934,15,1,2,1,15.408235741372875,20,1,3,0,0,0,0,2.0322195117185347,3.0
1935,18,0,2,0,9.99236823997524,17,1,3,1,1,0,0,2.289299775238682,3.0
1936,15,0,1,1,6.104290602577183,7,0,2,1,0,0,0,2.0866877409952322,3.0
1937,16,1,0,1,19.47485164076987,26,1,3,1,0,0,1,1.6676669904535018,4.0
1938,15,1,1,2,13.267252219129857,14,1,3,0,0,0,0,2.5958890506964156,2.0
1939,16,0,1,2,8.164750386925974,12,0,2,0,0,0,0,1.9507691766596456,4.0
1940,16,1,2,1,5.609264484093048,12,0,4,0,0,0,0,2.1025418985543585,3.0
1941,18,1,0,1,14.622059660071242,15,1,0,0,0,0,0,1.3791671997209602,4.0
1942,15,1,0,2,4.843668911875354,21,0,2,0,0,0,0,0.6721996800613397,4.0
1943,18,0,2,1,3.4341997794737633,19,0,1,1,0,1,0,1.1416385674703,4.0
1944,15,0,2,0,10.596677779241405,12,0,1,0,0,0,1,1.6210121147431664,4.0
1945,15,1,3,1,5.799747852882837,19,0,3,0,0,0,1,1.1221109734183077,4.0
1946,17,1,2,3,12.5781028984723,1,0,4,0,0,0,0,3.402044108383005,1.0
1947,15,1,1,3,2.3587734974846697,2,0,3,0,0,0,0,2.683854738684956,2.0
1948,18,0,1,1,13.098822091346431,14,1,4,1,0,1,0,2.9968562787082313,2.0
1949,16,0,2,2,5.665930559954044,22,1,1,1,1,0,0,1.2848657108072905,4.0
1950,15,1,1,2,0.004858688690254631,18,1,1,0,0,0,0,1.2010533026138683,4.0
1951,17,1,1,2,2.5387211534835274,12,0,2,0,1,0,0,1.9780217184381361,4.0
1952,18,1,0,2,18.67230755670188,4,1,3,1,1,0,1,3.836698640240594,0.0
1953,15,1,0,2,17.347092782307158,25,1,0,1,1,0,0,1.1799034066853447,4.0
1954,18,1,2,1,4.672180640724736,21,0,4,1,0,0,0,1.5400594595413652,4.0
1955,17,1,0,0,15.567438090909825,5,0,3,0,0,0,1,3.1588582622212478,1.0
1956,17,0,0,2,12.171431863479485,13,0,4,0,0,0,1,1.7524968355129966,4.0
1957,18,1,0,3,19.41809422899739,3,1,2,0,0,0,0,3.0451134821460926,1.0
1958,15,0,0,2,7.472113190681182,21,0,2,0,1,1,0,1.1656039458580214,4.0
1959,16,1,0,3,13.629212250343425,18,1,3,1,0,0,0,1.7857607910876623,4.0
1960,17,1,0,4,1.2707144484783717,22,0,3,0,1,0,0,0.8411087173537893,4.0
1961,15,0,3,1,7.924946936328119,6,0,1,0,1,0,0,2.397182557625913,3.0
1962,15,0,1,2,19.27635322376361,3,1,4,0,0,0,0,3.576909015459067,0.0
1963,16,0,0,2,10.779617489002412,1,0,3,1,0,1,0,3.2251582751891634,1.0
1964,17,0,0,4,5.757590066696892,26,0,0,0,0,0,0,0.0,4.0
1965,17,1,1,4,2.405419262572137,6,1,1,0,0,1,0,2.8066977641918256,2.0
1966,15,0,0,2,14.070566803630609,2,1,2,1,0,0,0,3.421837670026282,1.0
1967,15,1,2,1,12.897120868594536,14,0,2,0,1,0,1,2.1053092787971113,3.0
1968,16,0,1,2,7.478774272075492,0,0,3,0,0,0,0,3.1609020911559265,1.0
1969,16,1,2,1,19.018827037316687,1,0,0,0,0,0,0,2.993541560404552,2.0
1970,17,1,0,2,0.44405625975700636,9,1,3,1,0,0,0,2.490220425623977,3.0
1971,18,1,1,3,6.074477032636516,15,0,3,1,0,1,0,2.1308327796408113,3.0
1972,17,1,0,1,18.421389725991627,24,0,1,1,0,0,1,0.8384648733197381,4.0
1973,15,1,3,2,6.418708766388807,27,0,2,1,0,1,0,0.6767710334068527,4.0
1974,17,1,1,2,5.045056677103408,14,1,1,1,0,0,0,1.7359565115853166,4.0
1975,18,0,0,2,10.684408198624947,23,1,1,1,0,0,0,1.2545726181427619,4.0
1976,16,1,0,1,16.476034998410757,14,1,2,0,0,0,0,1.9226882349760126,4.0
1977,18,0,0,2,2.062935217567221,13,0,4,1,0,0,0,2.1919984196063775,3.0
1978,18,0,1,3,18.860414192914725,21,1,1,0,1,1,0,1.757523486205053,4.0
1979,18,1,0,3,15.90145762362328,13,0,2,1,0,0,0,1.9241023198927736,4.0
1980,16,0,1,1,3.625005111031039,5,0,1,1,0,0,0,2.8079741296204626,2.0
1981,18,1,0,3,14.240159223963254,13,1,1,0,0,0,0,2.138772677122642,3.0
1982,18,0,1,2,7.6991744527511425,16,0,2,0,0,1,0,1.3638410472397342,4.0
1983,18,1,2,1,8.045893561526373,17,0,3,0,1,0,0,1.722726052159269,4.0
1984,15,0,2,0,15.665801848777328,19,1,0,0,1,0,0,1.1921084719956991,4.0
1985,18,1,2,1,19.255696159614644,18,0,4,0,0,0,0,1.5347823896807868,4.0
1986,16,1,0,3,2.5331174569438786,29,0,0,0,1,0,0,0.11524321095829132,4.0
1987,18,1,0,2,8.412604737576387,16,0,3,0,1,0,0,1.562359564441758,4.0
1988,18,1,1,2,9.61883216168607,15,0,3,1,0,0,0,2.096032624938282,3.0
1989,16,0,0,1,7.5262363390999525,7,1,2,0,1,0,0,3.0092383227043036,1.0
1990,18,1,0,2,7.2637824743245005,6,0,1,0,0,0,0,2.071108064884564,3.0
1991,16,0,0,0,1.0453733512319308,19,1,2,0,0,1,0,1.7473564518959885,4.0
1992,18,0,0,1,13.710772411252465,27,0,3,1,1,0,0,1.0798673690024294,4.0
1993,16,0,0,2,8.724288342400907,11,0,3,0,0,1,0,2.271400211003181,3.0
1994,18,1,2,1,3.8958760528785352,8,0,2,0,1,0,0,2.117233031215417,3.0
1995,18,0,0,3,16.320670046041368,26,1,2,0,0,0,0,0.7435923583787316,4.0
1996,15,0,1,1,16.051214963032557,13,0,3,0,1,0,0,1.892745844623002,4.0
1997,15,0,0,2,9.727832561777877,19,1,4,0,0,0,0,1.58646418895305,4.0
1998,18,1,1,2,5.96901322295521,0,0,3,0,0,1,0,3.512322894833646,0.0
1999,18,1,0,2,12.761854515929048,9,1,3,0,0,1,0,2.629211521173767,2.0
2000,17,0,2,1,5.763042715548061,16,1,2,1,1,0,0,1.836642800001118,4.0
2001,16,1,2,0,4.720158606474241,16,1,3,1,0,1,0,1.834359140428028,4.0